Date,day,automated_matches_total,1:R,multiples,data_errs,twins,modified_crim_cases,new_crim_cases,photo_arrs,fr_reqs,fr_matches,local,state,federal,other,root file,holiday
2016-09-01,Thursday,760,8.0,2.0,15.0,3.0,3.0,1.0,0.0,0.0,0.0,0.0,0.0,0.0,0.0,data/docs_source/stats/September 2016 Facial Rec Stats.xlsx,
2016-09-02,Friday,740,15.0,0.0,14.0,2.0,1.0,3.0,0.0,0.0,0.0,0.0,0.0,0.0,0.0,data/docs_source/stats/September 2016 Facial Rec Stats.xlsx,
2016-09-05,Monday,,,,,,,,,,,,,,,data/docs_source/stats/September 2016 Facial Rec Stats.xlsx,"Holiday Labor Day September 5, 2016"
2016-09-06,Tuesday,1369,6.0,1.0,24.0,3.0,1.0,1.0,1.0,1.0,0.0,2.0,0.0,0.0,0.0,data/docs_source/stats/September 2016 Facial Rec Stats.xlsx,
2016-09-07,Wednesday,681,17.0,1.0,15.0,2.0,0.0,3.0,0.0,0.0,0.0,0.0,0.0,0.0,0.0,data/docs_source/stats/September 2016 Facial Rec Stats.xlsx,
2016-09-08,Thursday,607,7.0,0.0,23.0,2.0,0.0,4.0,0.0,2.0,3.0,1.0,0.0,1.0,0.0,data/docs_source/stats/September 2016 Facial Rec Stats.xlsx,
2016-09-09,Friday,738,9.0,1.0,11.0,2.0,1.0,2.0,0.0,0.0,0.0,0.0,0.0,0.0,0.0,data/docs_source/stats/September 2016 Facial Rec Stats.xlsx,
2016-09-12,Monday,1293,21.0,1.0,26.0,2.0,3.0,2.0,0.0,11.0,0.0,1.0,3.0,0.0,0.0,data/docs_source/stats/September 2016 Facial Rec Stats.xlsx,
2016-09-13,Tuesday,679,8.0,1.0,10.0,0.0,0.0,2.0,0.0,0.0,0.0,0.0,0.0,0.0,0.0,data/docs_source/stats/September 2016 Facial Rec Stats.xlsx,
2016-09-14,Wednesday,617,7.0,1.0,20.0,1.0,3.0,3.0,0.0,0.0,0.0,0.0,0.0,0.0,0.0,data/docs_source/stats/September 2016 Facial Rec Stats.xlsx,
2016-09-15,Thursday,629,5.0,2.0,12.0,2.0,0.0,5.0,0.0,1.0,0.0,0.0,1.0,0.0,0.0,data/docs_source/stats/September 2016 Facial Rec Stats.xlsx,
2016-09-16,Friday,635,8.0,2.0,17.0,4.0,2.0,1.0,0.0,0.0,0.0,0.0,0.0,0.0,0.0,data/docs_source/stats/September 2016 Facial Rec Stats.xlsx,
2016-09-19,Monday,1243,14.0,3.0,23.0,7.0,3.0,2.0,1.0,1.0,0.0,1.0,1.0,0.0,0.0,data/docs_source/stats/September 2016 Facial Rec Stats.xlsx,
2016-09-20,Tuesday,607,9.0,0.0,6.0,3.0,1.0,1.0,0.0,1.0,0.0,0.0,0.0,1.0,0.0,data/docs_source/stats/September 2016 Facial Rec Stats.xlsx,
2016-09-21,Wednesday,537,14.0,0.0,18.0,3.0,1.0,3.0,0.0,6.0,0.0,0.0,3.0,0.0,0.0,data/docs_source/stats/September 2016 Facial Rec Stats.xlsx,
2016-09-22,Thursday,626,7.0,1.0,7.0,1.0,0.0,1.0,0.0,1.0,1.0,0.0,1.0,0.0,0.0,data/docs_source/stats/September 2016 Facial Rec Stats.xlsx,
2016-09-23,Friday,629,6.0,0.0,28.0,0.0,0.0,1.0,0.0,3.0,0.0,0.0,2.0,0.0,0.0,data/docs_source/stats/September 2016 Facial Rec Stats.xlsx,
2016-09-26,Monday,1280,19.0,1.0,13.0,3.0,0.0,0.0,0.0,0.0,0.0,0.0,0.0,0.0,0.0,data/docs_source/stats/September 2016 Facial Rec Stats.xlsx,
2016-09-27,Tuesday,655,7.0,1.0,7.0,1.0,2.0,1.0,0.0,1.0,1.0,0.0,1.0,0.0,0.0,data/docs_source/stats/September 2016 Facial Rec Stats.xlsx,
2016-09-28,Wednesday,565,5.0,0.0,7.0,0.0,0.0,2.0,0.0,0.0,0.0,0.0,0.0,0.0,0.0,data/docs_source/stats/September 2016 Facial Rec Stats.xlsx,
2016-09-29,Thursday,633,10.0,0.0,13.0,0.0,0.0,2.0,0.0,1.0,0.0,0.0,0.0,1.0,0.0,data/docs_source/stats/September 2016 Facial Rec Stats.xlsx,
2016-09-30,Friday,642,8.0,0.0,15.0,0.0,4.0,1.0,0.0,0.0,0.0,0.0,0.0,0.0,0.0,data/docs_source/stats/September 2016 Facial Rec Stats.xlsx,
2016-10-03,Monday,1235,14.0,3.0,24.0,3.0,0.0,1.0,0.0,8.0,2.0,2.0,0.0,0.0,0.0,data/docs_source/stats/October 2016 Facial Rec Stats.xlsx,
2016-10-04,Tuesday,653,10.0,0.0,12.0,2.0,3.0,2.0,0.0,4.0,0.0,0.0,1.0,1.0,0.0,data/docs_source/stats/October 2016 Facial Rec Stats.xlsx,
2016-10-05,Wednesday,660,14.0,1.0,13.0,0.0,1.0,0.0,0.0,1.0,2.0,1.0,0.0,0.0,0.0,data/docs_source/stats/October 2016 Facial Rec Stats.xlsx,
2016-10-06,Thursday,737,11.0,1.0,8.0,0.0,1.0,0.0,0.0,0.0,0.0,0.0,0.0,0.0,0.0,data/docs_source/stats/October 2016 Facial Rec Stats.xlsx,
2016-10-07,Friday,720,11.0,1.0,14.0,5.0,1.0,3.0,0.0,0.0,0.0,0.0,0.0,0.0,0.0,data/docs_source/stats/October 2016 Facial Rec Stats.xlsx,
2016-10-10,Monday,,,,,,,,,,,,,,,data/docs_source/stats/October 2016 Facial Rec Stats.xlsx,COLUMBUS DAY HOLIDAY 10/10/2016
2016-10-11,Tuesday,1368,14.0,0.0,31.0,6.0,2.0,1.0,0.0,1.0,0.0,0.0,0.0,1.0,0.0,data/docs_source/stats/October 2016 Facial Rec Stats.xlsx,
2016-10-12,Wednesday,630,10.0,1.0,6.0,3.0,0.0,1.0,0.0,0.0,0.0,0.0,0.0,0.0,0.0,data/docs_source/stats/October 2016 Facial Rec Stats.xlsx,
2016-10-13,Thursday,639,16.0,3.0,12.0,2.0,0.0,0.0,0.0,0.0,0.0,0.0,0.0,0.0,0.0,data/docs_source/stats/October 2016 Facial Rec Stats.xlsx,
2016-10-14,Friday,734,12.0,1.0,13.0,3.0,1.0,2.0,0.0,3.0,0.0,0.0,2.0,1.0,0.0,data/docs_source/stats/October 2016 Facial Rec Stats.xlsx,
2016-10-17,Monday,1321,13.0,1.0,15.0,4.0,3.0,2.0,0.0,1.0,0.0,0.0,1.0,0.0,0.0,data/docs_source/stats/October 2016 Facial Rec Stats.xlsx,
2016-10-18,Tuesday,679,7.0,0.0,9.0,0.0,1.0,1.0,0.0,4.0,1.0,0.0,2.0,0.0,0.0,data/docs_source/stats/October 2016 Facial Rec Stats.xlsx,
2016-10-19,Wednesday,629,13.0,2.0,9.0,4.0,2.0,1.0,0.0,0.0,0.0,0.0,0.0,0.0,0.0,data/docs_source/stats/October 2016 Facial Rec Stats.xlsx,
2016-10-20,Thursday,658,9.0,1.0,13.0,0.0,0.0,2.0,0.0,1.0,0.0,0.0,1.0,0.0,0.0,data/docs_source/stats/October 2016 Facial Rec Stats.xlsx,
2016-10-21,Friday,581,12.0,2.0,7.0,1.0,1.0,2.0,0.0,0.0,0.0,0.0,0.0,0.0,0.0,data/docs_source/stats/October 2016 Facial Rec Stats.xlsx,
2016-10-24,Monday,1202,21.0,6.0,21.0,6.0,1.0,2.0,,7.0,1.0,1.0,,1.0,,data/docs_source/stats/October 2016 Facial Rec Stats.xlsx,
2016-10-25,Tuesday,602,11.0,0.0,9.0,1.0,2.0,2.0,,1.0,,,1.0,,,data/docs_source/stats/October 2016 Facial Rec Stats.xlsx,
2016-10-26,Wednesday,567,9.0,1.0,16.0,2.0,0.0,2.0,,1.0,1.0,1.0,,,,data/docs_source/stats/October 2016 Facial Rec Stats.xlsx,
2016-10-27,Thursday,579,8.0,0.0,8.0,0.0,2.0,1.0,,1.0,1.0,1.0,,,,data/docs_source/stats/October 2016 Facial Rec Stats.xlsx,
2016-10-28,Friday,566,6.0,0.0,16.0,4.0,1.0,2.0,,,,,,,,data/docs_source/stats/October 2016 Facial Rec Stats.xlsx,
2016-10-31,Monday,1168,15.0,1.0,36.0,2.0,2.0,1.0,0.0,7.0,1.0,1.0,1.0,1.0,0.0,data/docs_source/stats/October 2016 Facial Rec Stats.xlsx,
2016-11-01,Tuesday,579,11.0,3.0,9.0,2.0,1.0,0.0,0.0,2.0,0.0,0.0,0.0,1.0,0.0,data/docs_source/stats/November 2016 Facial Rec Stats.xlsx,
2016-11-02,Wednesday,527,7.0,0.0,8.0,0.0,1.0,0.0,0.0,0.0,0.0,0.0,0.0,0.0,0.0,data/docs_source/stats/November 2016 Facial Rec Stats.xlsx,
2016-11-03,Thursday,623,8.0,1.0,11.0,4.0,2.0,2.0,0.0,2.0,0.0,1.0,0.0,0.0,18.0,data/docs_source/stats/November 2016 Facial Rec Stats.xlsx,
2016-11-04,Friday,644,9.0,0.0,6.0,0.0,1.0,2.0,0.0,0.0,0.0,0.0,0.0,0.0,0.0,data/docs_source/stats/November 2016 Facial Rec Stats.xlsx,
2016-11-07,Monday,1235,16.0,0.0,17.0,2.0,2.0,3.0,0.0,2.0,0.0,0.0,1.0,0.0,0.0,data/docs_source/stats/November 2016 Facial Rec Stats.xlsx,
2016-11-08,Tuesday,614,9.0,2.0,6.0,3.0,1.0,1.0,0.0,4.0,0.0,0.0,1.0,0.0,0.0,data/docs_source/stats/November 2016 Facial Rec Stats.xlsx,
2016-11-09,Wednesday,703,8.0,1.0,13.0,1.0,3.0,0.0,0.0,13.0,0.0,0.0,1.0,0.0,0.0,data/docs_source/stats/November 2016 Facial Rec Stats.xlsx,
2016-11-10,Thursday,598,13.0,0.0,14.0,6.0,0.0,0.0,0.0,3.0,0.0,1.0,0.0,0.0,0.0,data/docs_source/stats/November 2016 Facial Rec Stats.xlsx,
2016-11-11,Friday,,,,,,,,,,,,,,,data/docs_source/stats/November 2016 Facial Rec Stats.xlsx,Holiday 11/11/2016 Veteran's Day
2016-11-14,Monday,1321,26.0,4.0,12.0,4.0,1.0,6.0,2.0,0.0,0.0,0.0,1.0,0.0,0.0,data/docs_source/stats/November 2016 Facial Rec Stats.xlsx,
2016-11-15,Tuesday,440,12.0,1.0,8.0,2.0,0.0,1.0,0.0,1.0,0.0,0.0,1.0,0.0,0.0,data/docs_source/stats/November 2016 Facial Rec Stats.xlsx,
2016-11-16,Wednesday,661,13.0,10.0,10.0,3.0,0.0,5.0,0.0,8.0,1.0,0.0,1.0,1.0,1.0,data/docs_source/stats/November 2016 Facial Rec Stats.xlsx,
2016-11-17,Thursday,644,13.0,2.0,13.0,1.0,2.0,1.0,0.0,2.0,2.0,0.0,1.0,0.0,0.0,data/docs_source/stats/November 2016 Facial Rec Stats.xlsx,
2016-11-18,Friday,742,16.0,2.0,9.0,4.0,0.0,1.0,1.0,0.0,0.0,1.0,0.0,0.0,0.0,data/docs_source/stats/November 2016 Facial Rec Stats.xlsx,
2016-11-21,Monday,1325,15.0,1.0,27.0,1.0,5.0,2.0,0.0,1.0,0.0,0.0,1.0,0.0,0.0,data/docs_source/stats/November 2016 Facial Rec Stats.xlsx,
2016-11-22,Tuesday,614,16.0,0.0,7.0,2.0,1.0,2.0,0.0,0.0,0.0,0.0,0.0,0.0,0.0,data/docs_source/stats/November 2016 Facial Rec Stats.xlsx,
2016-11-23,Wednesday,570,9.0,0.0,5.0,5.0,0.0,1.0,0.0,1.0,1.0,0.0,1.0,0.0,0.0,data/docs_source/stats/November 2016 Facial Rec Stats.xlsx,
2016-11-24,Thursday,,,,,,,,,,,,,,,data/docs_source/stats/November 2016 Facial Rec Stats.xlsx,Holiday 11/24/2016 Thanksgiving Day
2016-11-25,Friday,952,9.0,2.0,14.0,5.0,1.0,1.0,,,,,,,,data/docs_source/stats/November 2016 Facial Rec Stats.xlsx,
2016-11-28,Monday,1007,9.0,2.0,6.0,2.0,0.0,1.0,,,,,,,,data/docs_source/stats/November 2016 Facial Rec Stats.xlsx,
2016-11-29,Tuesday,530,11.0,2.0,14.0,0.0,0.0,1.0,,,,,,,,data/docs_source/stats/November 2016 Facial Rec Stats.xlsx,
2016-11-30,Wednesday,560,9.0,3.0,9.0,2.0,1.0,1.0,,1.0,0.0,,1.0,,,data/docs_source/stats/November 2016 Facial Rec Stats.xlsx,
2016-12-01,Thursday,561,12.0,3.0,5.0,0.0,0.0,1.0,0.0,2.0,0.0,0.0,1.0,0.0,0.0,data/docs_source/stats/December 2016 Facial Rec Stats.xlsx,
2016-12-02,Friday,540,17.0,1.0,14.0,0.0,3.0,1.0,0.0,0.0,0.0,0.0,0.0,0.0,0.0,data/docs_source/stats/December 2016 Facial Rec Stats.xlsx,
2016-12-05,Monday,1154,23.0,0.0,25.0,9.0,6.0,0.0,1.0,0.0,0.0,0.0,1.0,0.0,0.0,data/docs_source/stats/December 2016 Facial Rec Stats.xlsx,
2016-12-06,Tuesday,465,8.0,1.0,6.0,1.0,1.0,2.0,,1.0,0.0,,,1.0,,data/docs_source/stats/December 2016 Facial Rec Stats.xlsx,
2016-12-07,Wednesday,603,17.0,2.0,10.0,1.0,1.0,5.0,,2.0,1.0,,1.0,,,data/docs_source/stats/December 2016 Facial Rec Stats.xlsx,
2016-12-08,Thursday,624,10.0,2.0,11.0,4.0,0.0,1.0,,9.0,1.0,1.0,,,,data/docs_source/stats/December 2016 Facial Rec Stats.xlsx,
2016-12-09,Friday,645,8.0,2.0,9.0,0.0,0.0,3.0,,2.0,0.0,1.0,,,,data/docs_source/stats/December 2016 Facial Rec Stats.xlsx,
2016-12-12,Monday,1258,16.0,0.0,7.0,4.0,1.0,7.0,0.0,3.0,0.0,1.0,1.0,0.0,0.0,data/docs_source/stats/December 2016 Facial Rec Stats.xlsx,
2016-12-13,Tuesday,495,9.0,0.0,3.0,1.0,2.0,1.0,0.0,1.0,0.0,0.0,1.0,0.0,0.0,data/docs_source/stats/December 2016 Facial Rec Stats.xlsx,
2016-12-14,Wednesday,514,12.0,2.0,9.0,3.0,2.0,2.0,0.0,3.0,0.0,1.0,0.0,0.0,0.0,data/docs_source/stats/December 2016 Facial Rec Stats.xlsx,
2016-12-15,Thursday,583,10.0,0.0,11.0,2.0,1.0,3.0,0.0,2.0,2.0,1.0,0.0,0.0,0.0,data/docs_source/stats/December 2016 Facial Rec Stats.xlsx,
2016-12-16,Friday,548,14.0,1.0,4.0,1.0,2.0,0.0,,,,,,,,data/docs_source/stats/December 2016 Facial Rec Stats.xlsx,
2016-12-19,Monday,1000,18.0,2.0,15.0,0.0,0.0,1.0,0.0,3.0,0.0,0.0,2.0,0.0,0.0,data/docs_source/stats/December 2016 Facial Rec Stats.xlsx,
2016-12-20,Tuesday,518,13.0,0.0,9.0,3.0,0.0,0.0,0.0,2.0,2.0,0.0,1.0,1.0,0.0,data/docs_source/stats/December 2016 Facial Rec Stats.xlsx,
2016-12-21,Wednesday,589,10.0,1.0,10.0,2.0,0.0,2.0,0.0,2.0,0.0,0.0,1.0,0.0,0.0,data/docs_source/stats/December 2016 Facial Rec Stats.xlsx,
2016-12-22,Thursday,665,14.0,0.0,7.0,4.0,1.0,1.0,0.0,4.0,0.0,0.0,2.0,0.0,0.0,data/docs_source/stats/December 2016 Facial Rec Stats.xlsx,
2016-12-23,Friday,551,12.0,0.0,9.0,0.0,1.0,1.0,0.0,0.0,0.0,0.0,0.0,0.0,0.0,data/docs_source/stats/December 2016 Facial Rec Stats.xlsx,
2016-12-26,Monday,,,,,,,,,,,,,,,data/docs_source/stats/December 2016 Facial Rec Stats.xlsx,HOLIDAY CHRISTMAS 12/25/2016; DAY OFF ON 12/26/2016
2016-12-27,Tuesday,997,14.0,0.0,13.0,3.0,0.0,3.0,0.0,3.0,1.0,0.0,1.0,1.0,0.0,data/docs_source/stats/December 2016 Facial Rec Stats.xlsx,
2016-12-28,Wednesday,446,13.0,1.0,6.0,2.0,1.0,1.0,0.0,2.0,0.0,0.0,0.0,0.0,2.0,data/docs_source/stats/December 2016 Facial Rec Stats.xlsx,
2016-12-29,Thursday,702,8.0,1.0,8.0,3.0,1.0,5.0,0.0,1.0,0.0,0.0,1.0,0.0,0.0,data/docs_source/stats/December 2016 Facial Rec Stats.xlsx,
2016-12-30,Friday,810,8.0,1.0,9.0,3.0,0.0,1.0,0.0,0.0,0.0,0.0,0.0,0.0,0.0,data/docs_source/stats/December 2016 Facial Rec Stats.xlsx,
2017-01-02,Monday,,,,,,,,,,,,,,,data/docs_source/stats/January 2017 Facial Rec Stats.xlsx,HOLIDAY NEW YEARS DAY
2017-01-03,Tuesday,1455,20.0,2.0,12.0,2.0,0.0,0.0,0.0,2.0,0.0,0.0,1.0,0.0,1.0,data/docs_source/stats/January 2017 Facial Rec Stats.xlsx,
2017-01-04,Wednesday,459,13.0,1.0,5.0,1.0,0.0,1.0,0.0,0.0,0.0,0.0,0.0,0.0,0.0,data/docs_source/stats/January 2017 Facial Rec Stats.xlsx,
2017-01-05,Thursday,652,16.0,1.0,13.0,3.0,1.0,1.0,2.0,0.0,0.0,1.0,0.0,0.0,0.0,data/docs_source/stats/January 2017 Facial Rec Stats.xlsx,
2017-01-06,Friday,849,16.0,2.0,8.0,2.0,0.0,2.0,0.0,0.0,0.0,0.0,0.0,0.0,0.0,data/docs_source/stats/January 2017 Facial Rec Stats.xlsx,
2017-01-09,Monday,1369,19.0,1.0,20.0,4.0,2.0,5.0,0.0,11.0,2.0,2.0,1.0,0.0,1.0,data/docs_source/stats/January 2017 Facial Rec Stats.xlsx,
2017-01-10,Tuesday,460,12.0,1.0,6.0,2.0,2.0,2.0,0.0,3.0,0.0,0.0,0.0,0.0,1.0,data/docs_source/stats/January 2017 Facial Rec Stats.xlsx,
2017-01-11,Wednesday,680,17.0,1.0,16.0,0.0,1.0,0.0,0.0,5.0,0.0,0.0,0.0,0.0,1.0,data/docs_source/stats/January 2017 Facial Rec Stats.xlsx,
2017-01-12,Thursday,676,16.0,0.0,9.0,1.0,1.0,3.0,0.0,6.0,0.0,1.0,2.0,0.0,1.0,data/docs_source/stats/January 2017 Facial Rec Stats.xlsx,
2017-01-13,Friday,768,18.0,0.0,8.0,0.0,1.0,1.0,1.0,0.0,0.0,1.0,0.0,0.0,0.0,data/docs_source/stats/January 2017 Facial Rec Stats.xlsx,
2017-01-16,Monday,,,,,,,,,,,,,,,data/docs_source/stats/January 2017 Facial Rec Stats.xlsx,Martin Luther King Jr. Day Holiday 2017
2017-01-17,Tuesday,1549,19.0,2.0,16.0,1.0,1.0,4.0,0.0,3.0,0.0,0.0,1.0,0.0,1.0,data/docs_source/stats/January 2017 Facial Rec Stats.xlsx,
2017-01-18,Wednesday,451,9.0,0.0,8.0,3.0,1.0,0.0,0.0,5.0,0.0,0.0,0.0,0.0,1.0,data/docs_source/stats/January 2017 Facial Rec Stats.xlsx,
2017-01-19,Thursday,674,7.0,0.0,10.0,2.0,0.0,0.0,0.0,1.0,0.0,0.0,1.0,0.0,0.0,data/docs_source/stats/January 2017 Facial Rec Stats.xlsx,
2017-01-20,Friday,673,12.0,1.0,6.0,5.0,2.0,3.0,0.0,0.0,0.0,0.0,0.0,0.0,0.0,data/docs_source/stats/January 2017 Facial Rec Stats.xlsx,
2017-01-23,Monday,1456,8.0,0.0,21.0,6.0,3.0,4.0,0.0,3.0,0.0,0.0,1.0,0.0,0.0,data/docs_source/stats/January 2017 Facial Rec Stats.xlsx,
2017-01-24,Tuesday,538,5.0,0.0,5.0,2.0,0.0,1.0,0.0,0.0,0.0,0.0,0.0,0.0,0.0,data/docs_source/stats/January 2017 Facial Rec Stats.xlsx,
2017-01-25,Wednesday,687,8.0,0.0,11.0,4.0,1.0,0.0,0.0,7.0,0.0,2.0,1.0,0.0,0.0,data/docs_source/stats/January 2017 Facial Rec Stats.xlsx,
2017-01-26,Thursday,529,11.0,0.0,8.0,0.0,0.0,0.0,2.0,5.0,1.0,1.0,2.0,0.0,0.0,data/docs_source/stats/January 2017 Facial Rec Stats.xlsx,
2017-01-27,Friday,652,9.0,0.0,7.0,0.0,1.0,0.0,0.0,0.0,0.0,0.0,0.0,0.0,0.0,data/docs_source/stats/January 2017 Facial Rec Stats.xlsx,
2017-01-30,Monday,1211,12.0,1.0,22.0,2.0,2.0,3.0,0.0,1.0,0.0,0.0,1.0,0.0,0.0,data/docs_source/stats/January 2017 Facial Rec Stats.xlsx,
2017-01-31,Tuesday,558,10.0,1.0,14.0,0.0,1.0,2.0,0.0,4.0,1.0,1.0,1.0,0.0,0.0,data/docs_source/stats/January 2017 Facial Rec Stats.xlsx,
2017-02-01,Wednesday,597,8.0,1.0,19.0,0.0,0.0,2.0,0.0,2.0,0.0,0.0,1.0,0.0,0.0,data/docs_source/stats/February 2017 Facial Rec Stats.xlsx,
2017-02-02,Thursday,643,5.0,0.0,8.0,1.0,0.0,1.0,0.0,0.0,0.0,0.0,0.0,0.0,0.0,data/docs_source/stats/February 2017 Facial Rec Stats.xlsx,
2017-02-03,Friday,653,11.0,0.0,9.0,3.0,0.0,2.0,0.0,0.0,0.0,0.0,0.0,0.0,0.0,data/docs_source/stats/February 2017 Facial Rec Stats.xlsx,
2017-02-06,Monday,1378,21.0,1.0,16.0,9.0,1.0,3.0,0.0,3.0,0.0,1.0,0.0,1.0,0.0,data/docs_source/stats/February 2017 Facial Rec Stats.xlsx,
2017-02-07,Tuesday,468,15.0,1.0,13.0,1.0,0.0,2.0,0.0,1.0,1.0,0.0,1.0,0.0,0.0,data/docs_source/stats/February 2017 Facial Rec Stats.xlsx,
2017-02-08,Wednesday,714,11.0,0.0,9.0,0.0,0.0,1.0,0.0,1.0,0.0,0.0,1.0,0.0,0.0,data/docs_source/stats/February 2017 Facial Rec Stats.xlsx,
2017-02-09,Thursday,,0.0,0.0,0.0,0.0,0.0,0.0,0.0,0.0,0.0,0.0,0.0,0.0,0.0,data/docs_source/stats/February 2017 Facial Rec Stats.xlsx,SNOW DAY
2017-02-10,Friday,828,13.0,0.0,17.0,2.0,4.0,1.0,0.0,0.0,0.0,0.0,0.0,0.0,0.0,data/docs_source/stats/February 2017 Facial Rec Stats.xlsx,
2017-02-13,Monday,1041,18.0,2.0,17.0,3.0,0.0,1.0,0.0,0.0,0.0,0.0,0.0,0.0,0.0,data/docs_source/stats/February 2017 Facial Rec Stats.xlsx,
2017-02-14,Tuesday,380,5.0,0.0,3.0,0.0,0.0,2.0,0.0,2.0,0.0,0.0,1.0,0.0,0.0,data/docs_source/stats/February 2017 Facial Rec Stats.xlsx,
2017-02-15,Wednesday,547,11.0,1.0,8.0,2.0,3.0,0.0,0.0,1.0,0.0,0.0,1.0,0.0,0.0,data/docs_source/stats/February 2017 Facial Rec Stats.xlsx,
2017-02-16,Thursday,601,13.0,1.0,8.0,3.0,1.0,1.0,0.0,1.0,1.0,0.0,0.0,1.0,0.0,data/docs_source/stats/February 2017 Facial Rec Stats.xlsx,
2017-02-17,Friday,754,13.0,2.0,6.0,0.0,0.0,2.0,0.0,0.0,0.0,0.0,0.0,0.0,0.0,data/docs_source/stats/February 2017 Facial Rec Stats.xlsx,
2017-02-20,Monday,,,,,,,,,,,,,,,data/docs_source/stats/February 2017 Facial Rec Stats.xlsx,Holiday Presidents Day 02/20/2017
2017-02-21,Tuesday,1456,29.0,5.0,25.0,2.0,1.0,1.0,0.0,0.0,0.0,0.0,0.0,0.0,0.0,data/docs_source/stats/February 2017 Facial Rec Stats.xlsx,
2017-02-22,Wednesday,485,14.0,1.0,20.0,0.0,2.0,1.0,0.0,7.0,0.0,0.0,1.0,0.0,0.0,data/docs_source/stats/February 2017 Facial Rec Stats.xlsx,
2017-02-23,Thursday,773,14.0,2.0,12.0,2.0,2.0,2.0,0.0,8.0,0.0,1.0,1.0,0.0,0.0,data/docs_source/stats/February 2017 Facial Rec Stats.xlsx,
2017-02-24,Friday,921,16.0,3.0,19.0,4.0,0.0,5.0,0.0,0.0,0.0,0.0,0.0,0.0,0.0,data/docs_source/stats/February 2017 Facial Rec Stats.xlsx,
2017-02-27,Monday,1813,19.0,3.0,26.0,5.0,0.0,5.0,0.0,4.0,1.0,1.0,1.0,0.0,0.0,data/docs_source/stats/February 2017 Facial Rec Stats.xlsx,
2017-02-28,Tuesday,425,11.0,3.0,11.0,2.0,0.0,0.0,,1.0,0.0,,1.0,,,data/docs_source/stats/February 2017 Facial Rec Stats.xlsx,
2017-03-01,Wednesday,773,17.0,0.0,12.0,3.0,2.0,2.0,0.0,3.0,0.0,1.0,1.0,0.0,0,data/docs_source/stats/March 2017 Facial Rec Stats.xlsx,
2017-03-02,Thursday,787,13.0,0.0,14.0,3.0,1.0,3.0,0.0,0.0,0.0,0.0,0.0,0.0,0,data/docs_source/stats/March 2017 Facial Rec Stats.xlsx,
2017-03-03,Friday,786,18.0,2.0,9.0,2.0,1.0,2.0,0.0,1.0,0.0,0.0,1.0,0.0,0,data/docs_source/stats/March 2017 Facial Rec Stats.xlsx,
2017-03-06,Monday,1574,31.0,6.0,19.0,6.0,2.0,1.0,0.0,1.0,2.0,0.0,0.0,1.0,0,data/docs_source/stats/March 2017 Facial Rec Stats.xlsx,
2017-03-07,Tuesday,462,14.0,2.0,9.0,1.0,1.0,1.0,0.0,3.0,0.0,1.0,0.0,1.0,0,data/docs_source/stats/March 2017 Facial Rec Stats.xlsx,
2017-03-08,Wednesday,866,18.0,2.0,18.0,1.0,2.0,1.0,0.0,1.0,0.0,1.0,0.0,0.0,0,data/docs_source/stats/March 2017 Facial Rec Stats.xlsx,
2017-03-09,Thursday,623,8.0,1.0,8.0,2.0,2.0,0.0,0.0,1.0,0.0,0.0,1.0,0.0,0,data/docs_source/stats/March 2017 Facial Rec Stats.xlsx,
2017-03-10,Friday,986,25.0,1.0,8.0,2.0,1.0,4.0,0.0,8.0,1.0,1.0,1.0,1.0,0,data/docs_source/stats/March 2017 Facial Rec Stats.xlsx,
2017-03-13,Monday,1334,15.0,0.0,40.0,8.0,1.0,2.0,0.0,0.0,0.0,0.0,0.0,0.0,0,data/docs_source/stats/March 2017 Facial Rec Stats.xlsx,
2017-03-14,Tuesday,,0.0,0.0,0.0,0.0,0.0,0.0,0.0,0.0,0.0,0.0,0.0,0.0,0,data/docs_source/stats/March 2017 Facial Rec Stats.xlsx,SNOW DAY
2017-03-15,Wednesday,852,19.0,1.0,12.0,1.0,0.0,1.0,0.0,0.0,0.0,0.0,0.0,0.0,0,data/docs_source/stats/March 2017 Facial Rec Stats.xlsx,
2017-03-16,Thursday,642,9.0,1.0,7.0,2.0,1.0,0.0,0.0,2.0,0.0,0.0,0.0,1.0,0,data/docs_source/stats/March 2017 Facial Rec Stats.xlsx,
2017-03-17,Friday,609,14.0,3.0,8.0,2.0,2.0,0.0,0.0,0.0,0.0,0.0,0.0,0.0,0,data/docs_source/stats/March 2017 Facial Rec Stats.xlsx,
2017-03-20,Monday,1360,23.0,2.0,21.0,2.0,2.0,1.0,0.0,0.0,0.0,0.0,0.0,0.0,0,data/docs_source/stats/March 2017 Facial Rec Stats.xlsx,
2017-03-21,Tuesday,697,16.0,1.0,2.0,0.0,1.0,0.0,0.0,5.0,0.0,0.0,1.0,0.0,0,data/docs_source/stats/March 2017 Facial Rec Stats.xlsx,
2017-03-22,Wednesday,606,10.0,1.0,13.0,3.0,0.0,1.0,0.0,6.0,1.0,0.0,4.0,0.0,0,data/docs_source/stats/March 2017 Facial Rec Stats.xlsx,
2017-03-23,Thursday,675,13.0,1.0,12.0,0.0,1.0,2.0,0.0,1.0,0.0,1.0,0.0,0.0,0,data/docs_source/stats/March 2017 Facial Rec Stats.xlsx,
2017-03-24,Friday,604,6.0,0.0,5.0,1.0,0.0,2.0,0.0,2.0,0.0,1.0,0.0,0.0,0,data/docs_source/stats/March 2017 Facial Rec Stats.xlsx,
2017-03-27,Monday,1234,21.0,0.0,15.0,3.0,2.0,6.0,1.0,2.0,1.0,1.0,2.0,0.0,0,data/docs_source/stats/March 2017 Facial Rec Stats.xlsx,
2017-03-28,Tuesday,642,12.0,1.0,7.0,2.0,1.0,1.0,1.0,1.0,0.0,0.0,1.0,1.0,0,data/docs_source/stats/March 2017 Facial Rec Stats.xlsx,
2017-03-29,Wednesday,598,13.0,2.0,8.0,2.0,1.0,2.0,0.0,6.0,2.0,0.0,3.0,0.0,0,data/docs_source/stats/March 2017 Facial Rec Stats.xlsx,
2017-03-30,Thursday,657,11.0,1.0,11.0,2.0,1.0,1.0,1.0,0.0,0.0,1.0,0.0,0.0,0,data/docs_source/stats/March 2017 Facial Rec Stats.xlsx,
2017-03-31,Friday,710,14.0,4.0,12.0,0.0,0.0,3.0,0.0,2.0,1.0,0.0,1.0,0.0,0,data/docs_source/stats/March 2017 Facial Rec Stats.xlsx,
2017-04-03,Monday,1177,11.0,2.0,18.0,0.0,0.0,2.0,0.0,1.0,0.0,0.0,1.0,0.0,0,data/docs_source/stats/April 2017 Facial Rec Stats.xlsx,
2017-04-04,Tuesday,687,20.0,0.0,9.0,2.0,0.0,1.0,0.0,0.0,0.0,0.0,0.0,0.0,0,data/docs_source/stats/April 2017 Facial Rec Stats.xlsx,
2017-04-05,Wednesday,620,21.0,0.0,5.0,6.0,0.0,2.0,0.0,0.0,0.0,0.0,0.0,0.0,0,data/docs_source/stats/April 2017 Facial Rec Stats.xlsx,
2017-04-06,Thursday,631,17.0,1.0,6.0,6.0,1.0,2.0,0.0,3.0,0.0,0.0,1.0,0.0,0,data/docs_source/stats/April 2017 Facial Rec Stats.xlsx,
2017-04-07,Friday,644,10.0,1.0,9.0,0.0,3.0,0.0,0.0,1.0,0.0,1.0,0.0,0.0,1,data/docs_source/stats/April 2017 Facial Rec Stats.xlsx,
2017-04-10,Monday,1284,21.0,1.0,33.0,3.0,4.0,1.0,0.0,7.0,0.0,1.0,1.0,0.0,0,data/docs_source/stats/April 2017 Facial Rec Stats.xlsx,
2017-04-11,Tuesday,599,18.0,1.0,5.0,4.0,1.0,0.0,0.0,0.0,0.0,0.0,0.0,0.0,0,data/docs_source/stats/April 2017 Facial Rec Stats.xlsx,
2017-04-12,Wednesday,614,8.0,1.0,13.0,1.0,4.0,5.0,0.0,0.0,0.0,0.0,0.0,0.0,0,data/docs_source/stats/April 2017 Facial Rec Stats.xlsx,
2017-04-13,Thursday,642,14.0,1.0,12.0,2.0,0.0,0.0,0.0,0.0,0.0,0.0,0.0,0.0,0,data/docs_source/stats/April 2017 Facial Rec Stats.xlsx,
2017-04-14,Friday,669,13.0,1.0,14.0,0.0,3.0,3.0,0.0,0.0,0.0,0.0,0.0,0.0,0,data/docs_source/stats/April 2017 Facial Rec Stats.xlsx,
2017-04-17,Monday,,0.0,0.0,0.0,0.0,0.0,0.0,0.0,0.0,0.0,0.0,0.0,0.0,0,data/docs_source/stats/April 2017 Facial Rec Stats.xlsx,HOLIDAY
2017-04-18,Tuesday,1486,24.0,2.0,17.0,3.0,2.0,3.0,0.0,0.0,0.0,0.0,0.0,0.0,0,data/docs_source/stats/April 2017 Facial Rec Stats.xlsx,
2017-04-19,Wednesday,500,13.0,0.0,9.0,0.0,1.0,1.0,0.0,3.0,0.0,0.0,2.0,0.0,0,data/docs_source/stats/April 2017 Facial Rec Stats.xlsx,
2017-04-20,Thursday,796,16.0,2.0,5.0,3.0,0.0,1.0,0.0,3.0,0.0,0.0,0.0,1.0,0,data/docs_source/stats/April 2017 Facial Rec Stats.xlsx,
2017-04-21,Friday,809,7.0,2.0,9.0,1.0,1.0,1.0,0.0,0.0,0.0,0.0,0.0,0.0,0,data/docs_source/stats/April 2017 Facial Rec Stats.xlsx,
2017-04-24,Monday,1730,27.0,3.0,18.0,5.0,3.0,2.0,0.0,4.0,3.0,0.0,2.0,0.0,0,data/docs_source/stats/April 2017 Facial Rec Stats.xlsx,
2017-04-25,Tuesday,537,11.0,1.0,16.0,4.0,0.0,0.0,0.0,0.0,0.0,0.0,0.0,0.0,0,data/docs_source/stats/April 2017 Facial Rec Stats.xlsx,
2017-04-26,Wednesday,655,18.0,1.0,15.0,2.0,1.0,2.0,0.0,2.0,0.0,0.0,2.0,0.0,0,data/docs_source/stats/April 2017 Facial Rec Stats.xlsx,
2017-04-27,Thursday,665,13.0,0.0,14.0,1.0,1.0,3.0,0.0,0.0,0.0,0.0,0.0,0.0,0,data/docs_source/stats/April 2017 Facial Rec Stats.xlsx,
2017-04-28,Friday,637,17.0,1.0,9.0,1.0,4.0,1.0,0.0,0.0,0.0,0.0,0.0,0.0,0,data/docs_source/stats/April 2017 Facial Rec Stats.xlsx,
2017-05-01,Monday,1207,16.0,1.0,21.0,1.0,2.0,1.0,0.0,1.0,0.0,0.0,1.0,0.0,0.0,data/docs_source/stats/May 2017 Facial Rec Stats.xlsx,
2017-05-02,Tuesday,498,11.0,1.0,9.0,0.0,3.0,2.0,0.0,0.0,0.0,0.0,0.0,0.0,0.0,data/docs_source/stats/May 2017 Facial Rec Stats.xlsx,
2017-05-03,Wednesday,707,17.0,0.0,10.0,1.0,1.0,3.0,0.0,1.0,0.0,0.0,1.0,0.0,0.0,data/docs_source/stats/May 2017 Facial Rec Stats.xlsx,
2017-05-04,Thursday,756,27.0,1.0,7.0,0.0,1.0,1.0,0.0,4.0,1.0,0.0,3.0,0.0,0.0,data/docs_source/stats/May 2017 Facial Rec Stats.xlsx,
2017-05-05,Friday,764,23.0,1.0,11.0,2.0,1.0,2.0,3.0,0.0,0.0,1.0,0.0,0.0,0.0,data/docs_source/stats/May 2017 Facial Rec Stats.xlsx,
2017-05-08,Monday,1382,36.0,2.0,27.0,1.0,0.0,1.0,0.0,2.0,0.0,0.0,0.0,1.0,0.0,data/docs_source/stats/May 2017 Facial Rec Stats.xlsx,
2017-05-09,Tuesday,481,7.0,1.0,10.0,0.0,0.0,0.0,0.0,0.0,0.0,0.0,0.0,0.0,0.0,data/docs_source/stats/May 2017 Facial Rec Stats.xlsx,
2017-05-10,Wednesday,814,22.0,0.0,13.0,3.0,0.0,2.0,0.0,0.0,0.0,0.0,0.0,0.0,0.0,data/docs_source/stats/May 2017 Facial Rec Stats.xlsx,
2017-05-11,Thursday,750,19.0,1.0,11.0,3.0,0.0,2.0,0.0,26.0,2.0,0.0,1.0,2.0,0.0,data/docs_source/stats/May 2017 Facial Rec Stats.xlsx,
2017-05-12,Friday,721,15.0,0.0,5.0,0.0,0.0,3.0,0.0,1.0,0.0,0.0,1.0,0.0,0.0,data/docs_source/stats/May 2017 Facial Rec Stats.xlsx,
2017-05-15,Monday,1284,25.0,1.0,31.0,3.0,3.0,1.0,0.0,0.0,0.0,0.0,0.0,0.0,0.0,data/docs_source/stats/May 2017 Facial Rec Stats.xlsx,
2017-05-16,Tuesday,576,16.0,1.0,3.0,4.0,0.0,0.0,0.0,3.0,1.0,0.0,1.0,0.0,0.0,data/docs_source/stats/May 2017 Facial Rec Stats.xlsx,
2017-05-17,Wednesday,727,20.0,2.0,5.0,2.0,2.0,1.0,0.0,0.0,0.0,0.0,0.0,0.0,0.0,data/docs_source/stats/May 2017 Facial Rec Stats.xlsx,
2017-05-18,Thursday,668,20.0,3.0,10.0,2.0,2.0,2.0,0.0,2.0,0.0,0.0,1.0,1.0,0.0,data/docs_source/stats/May 2017 Facial Rec Stats.xlsx,
2017-05-19,Friday,593,13.0,2.0,8.0,2.0,2.0,0.0,0.0,0.0,0.0,0.0,0.0,0.0,0.0,data/docs_source/stats/May 2017 Facial Rec Stats.xlsx,
2017-05-22,Monday,1224,19.0,0.0,18.0,2.0,1.0,4.0,0.0,0.0,0.0,0.0,0.0,0.0,0.0,data/docs_source/stats/May 2017 Facial Rec Stats.xlsx,
2017-05-23,Tuesday,566,16.0,0.0,3.0,0.0,1.0,0.0,0.0,0.0,0.0,0.0,0.0,0.0,0.0,data/docs_source/stats/May 2017 Facial Rec Stats.xlsx,
2017-05-24,Wednesday,714,16.0,1.0,10.0,0.0,0.0,2.0,0.0,0.0,0.0,0.0,0.0,0.0,0.0,data/docs_source/stats/May 2017 Facial Rec Stats.xlsx,
2017-05-25,Thursday,634,12.0,0.0,9.0,2.0,0.0,2.0,0.0,1.0,0.0,0.0,0.0,1.0,0.0,data/docs_source/stats/May 2017 Facial Rec Stats.xlsx,
2017-05-26,Friday,618,9.0,0.0,7.0,4.0,1.0,2.0,0.0,0.0,0.0,0.0,0.0,0.0,0.0,data/docs_source/stats/May 2017 Facial Rec Stats.xlsx,
2017-05-29,Monday,,,,,,,,,,,,,,,data/docs_source/stats/May 2017 Facial Rec Stats.xlsx,Memorial Day Holiday 05/29/2017
2017-05-30,Tuesday,1133,17.0,1.0,18.0,1.0,3.0,4.0,0.0,0.0,0.0,0.0,0.0,0.0,0.0,data/docs_source/stats/May 2017 Facial Rec Stats.xlsx,
2017-05-31,Wednesday,580,9.0,1.0,4.0,4.0,0.0,2.0,0.0,1.0,0.0,0.0,0.0,1.0,0.0,data/docs_source/stats/May 2017 Facial Rec Stats.xlsx,
2017-06-01,Thursday,854,13.0,2.0,14.0,3.0,0.0,1.0,0.0,1.0,0.0,1.0,0.0,0.0,0,data/docs_source/stats/June 2017 Facial Rec Stats.xlsx,
2017-06-02,Friday,644,21.0,0.0,10.0,2.0,0.0,4.0,0.0,1.0,0.0,1.0,0.0,0.0,0,data/docs_source/stats/June 2017 Facial Rec Stats.xlsx,
2017-06-05,Monday,1362,26.0,4.0,28.0,3.0,0.0,3.0,0.0,2.0,0.0,0.0,1.0,0.0,0,data/docs_source/stats/June 2017 Facial Rec Stats.xlsx,
2017-06-06,Tuesday,496,16.0,1.0,12.0,0.0,1.0,0.0,0.0,2.0,0.0,1.0,0.0,0.0,0,data/docs_source/stats/June 2017 Facial Rec Stats.xlsx,
2017-06-07,Wednesday,839,28.0,0.0,16.0,1.0,1.0,3.0,0.0,0.0,0.0,0.0,0.0,0.0,0,data/docs_source/stats/June 2017 Facial Rec Stats.xlsx,
2017-06-08,Thursday,813,19.0,0.0,8.0,1.0,0.0,0.0,0.0,3.0,1.0,0.0,1.0,1.0,0,data/docs_source/stats/June 2017 Facial Rec Stats.xlsx,
2017-06-09,Friday,833,11.0,0.0,16.0,5.0,2.0,0.0,0.0,3.0,0.0,1.0,1.0,0.0,0,data/docs_source/stats/June 2017 Facial Rec Stats.xlsx,
2017-06-12,Monday,1330,22.0,2.0,13.0,1.0,2.0,2.0,0.0,7.0,0.0,0.0,1.0,0.0,0,data/docs_source/stats/June 2017 Facial Rec Stats.xlsx,
2017-06-13,Tuesday,538,15.0,0.0,8.0,1.0,0.0,1.0,0.0,6.0,0.0,1.0,1.0,0.0,1,data/docs_source/stats/June 2017 Facial Rec Stats.xlsx,
2017-06-14,Wednesday,717,15.0,3.0,8.0,1.0,2.0,4.0,0.0,0.0,0.0,0.0,0.0,0.0,0,data/docs_source/stats/June 2017 Facial Rec Stats.xlsx,
2017-06-15,Thursday,702,19.0,1.0,10.0,1.0,1.0,0.0,0.0,0.0,0.0,0.0,0.0,0.0,0,data/docs_source/stats/June 2017 Facial Rec Stats.xlsx,
2017-06-16,Friday,721,18.0,1.0,7.0,0.0,0.0,3.0,0.0,0.0,0.0,0.0,0.0,0.0,0,data/docs_source/stats/June 2017 Facial Rec Stats.xlsx,
2017-06-19,Monday,1272,22.0,1.0,17.0,3.0,2.0,2.0,0.0,1.0,0.0,0.0,1.0,0.0,0,data/docs_source/stats/June 2017 Facial Rec Stats.xlsx,
2017-06-20,Tuesday,562,16.0,0.0,4.0,1.0,1.0,1.0,0.0,0.0,0.0,0.0,0.0,0.0,0,data/docs_source/stats/June 2017 Facial Rec Stats.xlsx,
2017-06-21,Wednesday,752,18.0,2.0,8.0,4.0,0.0,1.0,0.0,,0.0,0.0,1.0,0.0,1,data/docs_source/stats/June 2017 Facial Rec Stats.xlsx,
2017-06-22,Thursday,787,8.0,0.0,13.0,5.0,0.0,5.0,0.0,8.0,0.0,0.0,1.0,0.0,0,data/docs_source/stats/June 2017 Facial Rec Stats.xlsx,
2017-06-23,Friday,686,14.0,0.0,10.0,3.0,0.0,1.0,0.0,0.0,0.0,0.0,0.0,0.0,0,data/docs_source/stats/June 2017 Facial Rec Stats.xlsx,
2017-06-26,Monday,1338,15.0,0.0,17.0,7.0,1.0,5.0,2.0,0.0,0.0,1.0,0.0,0.0,0,data/docs_source/stats/June 2017 Facial Rec Stats.xlsx,
2017-06-27,Tuesday,583,13.0,0.0,10.0,0.0,1.0,0.0,0.0,2.0,0.0,0.0,0.0,1.0,0,data/docs_source/stats/June 2017 Facial Rec Stats.xlsx,
2017-06-28,Wednesday,729,15.0,3.0,5.0,1.0,2.0,2.0,0.0,0.0,0.0,0.0,0.0,0.0,0,data/docs_source/stats/June 2017 Facial Rec Stats.xlsx,
2017-06-29,Thursday,676,11.0,1.0,15.0,1.0,1.0,3.0,0.0,0.0,0.0,0.0,0.0,0.0,0,data/docs_source/stats/June 2017 Facial Rec Stats.xlsx,
2017-06-30,Friday,672,14.0,0.0,11.0,1.0,1.0,2.0,0.0,0.0,0.0,0.0,1.0,0.0,1,data/docs_source/stats/June 2017 Facial Rec Stats.xlsx,
2017-07-03,Monday,1486.0,31.0,3.0,19.0,6.0,2.0,3.0,0.0,6.0,0.0,0.0,1.0,0.0,0.0,data/docs_source/stats/July 2017 Facial Rec Stats.xlsx,
2017-07-05,Wednesday,854.0,31.0,1.0,17.0,4.0,2.0,2.0,0.0,0.0,0.0,0.0,0.0,0.0,0.0,data/docs_source/stats/July 2017 Facial Rec Stats.xlsx,
2017-07-06,Thursday,706.0,24.0,0.0,10.0,2.0,1.0,0.0,0.0,0.0,0.0,0.0,0.0,0.0,0.0,data/docs_source/stats/July 2017 Facial Rec Stats.xlsx,
2017-07-07,Friday,761.0,29.0,0.0,16.0,4.0,2.0,4.0,0.0,0.0,0.0,0.0,0.0,0.0,0.0,data/docs_source/stats/July 2017 Facial Rec Stats.xlsx,
2017-07-10,Monday,1617.0,31.0,0.0,30.0,4.0,5.0,2.0,0.0,0.0,0.0,0.0,0.0,0.0,0.0,data/docs_source/stats/July 2017 Facial Rec Stats.xlsx,
2017-07-11,Tuesday,506.0,10.0,1.0,19.0,1.0,1.0,0.0,0.0,2.0,0.0,0.0,0.0,1.0,0.0,data/docs_source/stats/July 2017 Facial Rec Stats.xlsx,
2017-07-12,Wednesday,731.0,16.0,1.0,12.0,1.0,0.0,3.0,0.0,5.0,1.0,0.0,0.0,1.0,0.0,data/docs_source/stats/July 2017 Facial Rec Stats.xlsx,
2017-07-13,Thursday,811.0,16.0,1.0,10.0,3.0,0.0,1.0,0.0,1.0,0.0,0.0,1.0,0.0,0.0,data/docs_source/stats/July 2017 Facial Rec Stats.xlsx,
2017-07-14,Friday,661.0,22.0,2.0,6.0,2.0,0.0,0.0,0.0,1.0,1.0,0.0,1.0,0.0,0.0,data/docs_source/stats/July 2017 Facial Rec Stats.xlsx,
2017-07-17,Monday,1479.0,29.0,1.0,18.0,11.0,0.0,2.0,0.0,1.0,1.0,0.0,1.0,0.0,0.0,data/docs_source/stats/July 2017 Facial Rec Stats.xlsx,
2017-07-18,Tuesday,512.0,10.0,0.0,8.0,1.0,0.0,3.0,0.0,3.0,2.0,2.0,1.0,0.0,0.0,data/docs_source/stats/July 2017 Facial Rec Stats.xlsx,
2017-07-19,Wednesday,709.0,12.0,0.0,10.0,7.0,1.0,2.0,1.0,0.0,0.0,1.0,0.0,0.0,0.0,data/docs_source/stats/July 2017 Facial Rec Stats.xlsx,
2017-07-20,Thursday,778.0,16.0,1.0,10.0,3.0,0.0,1.0,0.0,0.0,0.0,0.0,0.0,0.0,0.0,data/docs_source/stats/July 2017 Facial Rec Stats.xlsx,
2017-07-21,Friday,603.0,17.0,0.0,12.0,1.0,2.0,0.0,0.0,0.0,0.0,0.0,0.0,0.0,0.0,data/docs_source/stats/July 2017 Facial Rec Stats.xlsx,
2017-07-24,Monday,1362.0,23.0,0.0,19.0,8.0,1.0,1.0,0.0,6.0,1.0,1.0,2.0,0.0,0.0,data/docs_source/stats/July 2017 Facial Rec Stats.xlsx,
2017-07-25,Tuesday,576.0,19.0,1.0,6.0,1.0,0.0,0.0,0.0,4.0,0.0,0.0,2.0,0.0,0.0,data/docs_source/stats/July 2017 Facial Rec Stats.xlsx,
2017-07-26,Wednesday,723.0,26.0,0.0,9.0,8.0,0.0,0.0,0.0,0.0,0.0,0.0,0.0,0.0,0.0,data/docs_source/stats/July 2017 Facial Rec Stats.xlsx,
2017-07-27,Thursday,765.0,15.0,0.0,5.0,3.0,3.0,0.0,0.0,1.0,0.0,0.0,1.0,0.0,0.0,data/docs_source/stats/July 2017 Facial Rec Stats.xlsx,
2017-07-28,Friday,695.0,14.0,2.0,6.0,3.0,2.0,1.0,0.0,0.0,0.0,0.0,0.0,0.0,0.0,data/docs_source/stats/July 2017 Facial Rec Stats.xlsx,
2017-07-31,Monday,1371.0,23.0,0.0,18.0,2.0,1.0,2.0,0.0,0.0,0.0,0.0,0.0,0.0,0.0,data/docs_source/stats/July 2017 Facial Rec Stats.xlsx,
2017-08-01,Tuesday,492,12.0,0.0,9.0,1.0,1.0,3.0,0.0,0.0,0.0,0.0,0.0,0.0,0,data/docs_source/stats/August 2017 Facial Rec Stats.xlsx,
2017-08-02,Wednesday,748,19.0,0.0,12.0,3.0,1.0,1.0,0.0,1.0,0.0,0.0,1.0,0.0,0,data/docs_source/stats/August 2017 Facial Rec Stats.xlsx,
2017-08-03,Thursday,775,16.0,1.0,12.0,1.0,0.0,2.0,0.0,0.0,0.0,0.0,0.0,0.0,0,data/docs_source/stats/August 2017 Facial Rec Stats.xlsx,
2017-08-04,Friday,761,28.0,2.0,8.0,5.0,0.0,2.0,0.0,0.0,0.0,0.0,0.0,0.0,0,data/docs_source/stats/August 2017 Facial Rec Stats.xlsx,
2017-08-07,Monday,1644,38.0,2.0,42.0,5.0,6.0,1.0,0.0,0.0,0.0,0.0,0.0,0.0,0,data/docs_source/stats/August 2017 Facial Rec Stats.xlsx,
2017-08-08,Tuesday,478,11.0,0.0,8.0,1.0,1.0,1.0,0.0,1.0,0.0,1.0,0.0,0.0,0,data/docs_source/stats/August 2017 Facial Rec Stats.xlsx,
2017-08-09,Wednesday,822,21.0,1.0,17.0,1.0,4.0,2.0,0.0,1.0,1.0,0.0,,0.0,0,data/docs_source/stats/August 2017 Facial Rec Stats.xlsx,
2017-08-10,Thursday,854,23.0,0.0,13.0,1.0,0.0,1.0,0.0,0.0,0.0,0.0,0.0,0.0,0,data/docs_source/stats/August 2017 Facial Rec Stats.xlsx,
2017-08-11,Friday,764,20.0,1.0,4.0,1.0,2.0,0.0,0.0,0.0,0.0,0.0,0.0,0.0,0,data/docs_source/stats/August 2017 Facial Rec Stats.xlsx,
2017-08-14,Monday,1423,18.0,1.0,24.0,4.0,1.0,2.0,0.0,1.0,0.0,0.0,0.0,1.0,0,data/docs_source/stats/August 2017 Facial Rec Stats.xlsx,
2017-08-15,Tuesday,552,15.0,3.0,7.0,0.0,0.0,0.0,1.0,0.0,0.0,1.0,0.0,0.0,0,data/docs_source/stats/August 2017 Facial Rec Stats.xlsx,
2017-08-16,Wednesday,834,20.0,0.0,9.0,3.0,1.0,2.0,0.0,0.0,0.0,0.0,0.0,0.0,0,data/docs_source/stats/August 2017 Facial Rec Stats.xlsx,
2017-08-17,Thursday,834,16.0,1.0,9.0,3.0,1.0,1.0,0.0,0.0,0.0,0.0,0.0,0.0,0,data/docs_source/stats/August 2017 Facial Rec Stats.xlsx,
2017-08-18,Friday,833,22.0,2.0,8.0,0.0,36.0,1.0,0.0,1.0,0.0,0.0,0.0,1.0,0,data/docs_source/stats/August 2017 Facial Rec Stats.xlsx,
2017-08-21,Monday,,0.0,0.0,5.0,3.0,0.0,1.0,0.0,1.0,0.0,1.0,0.0,0.0,\,data/docs_source/stats/August 2017 Facial Rec Stats.xlsx,L1-DOWN FOR MIGRATION
2017-08-22,Tuesday,430,20.0,0.0,1.0,2.0,2.0,1.0,0.0,1.0,0.0,0.0,1.0,0.0,0,data/docs_source/stats/August 2017 Facial Rec Stats.xlsx,
2017-08-23,Wednesday,360,6.0,0.0,11.0,2.0,2.0,3.0,0.0,0.0,0.0,0.0,0.0,0.0,0,data/docs_source/stats/August 2017 Facial Rec Stats.xlsx,
2017-08-24,Thursday,377,4.0,0.0,14.0,10.0,2.0,0.0,0.0,0.0,0.0,0.0,0.0,0.0,0,data/docs_source/stats/August 2017 Facial Rec Stats.xlsx,
2017-08-25,Friday,319,2.0,0.0,4.0,4.0,0.0,0.0,0.0,0.0,0.0,0.0,0.0,0.0,0,data/docs_source/stats/August 2017 Facial Rec Stats.xlsx,
2017-08-28,Monday,750,9.0,0.0,17.0,6.0,2.0,2.0,0.0,1.0,0.0,0.0,0.0,1.0,0,data/docs_source/stats/August 2017 Facial Rec Stats.xlsx,
2017-08-29,Tuesday,359,3.0,0.0,12.0,4.0,1.0,0.0,0.0,0.0,0.0,0.0,0.0,0.0,0,data/docs_source/stats/August 2017 Facial Rec Stats.xlsx,
2017-08-30,Wednesday,207,1.0,0.0,5.0,4.0,1.0,0.0,0.0,5.0,0.0,0.0,1.0,0.0,0,data/docs_source/stats/August 2017 Facial Rec Stats.xlsx,
2017-08-31,Thursday,402,7.0,2.0,15.0,4.0,3.0,2.0,0.0,4.0,4.0,3.0,1.0,0.0,0,data/docs_source/stats/August 2017 Facial Rec Stats.xlsx,
2017-09-01,Friday,336.0,9.0,0.0,16.0,0.0,2.0,1.0,1.0,0.0,0.0,1.0,0.0,0.0,0.0,data/docs_source/stats/September 2017 Facial Rec Stats.xlsx,
2017-09-04,Monday,,,,,,,,,,,,,,,data/docs_source/stats/September 2017 Facial Rec Stats.xlsx,HOLIDAY LABOR DAY 09/04/2017
2017-09-05,Tuesday,833,6.0,2.0,27.0,8.0,0.0,1.0,0.0,2.0,0.0,1.0,0.0,0.0,0.0,data/docs_source/stats/September 2017 Facial Rec Stats.xlsx,
2017-09-06,Wednesday,399,6.0,2.0,15.0,4.0,1.0,1.0,0.0,0.0,0.0,0.0,0.0,0.0,0.0,data/docs_source/stats/September 2017 Facial Rec Stats.xlsx,
2017-09-07,Thursday,308,7.0,2.0,16.0,8.0,3.0,4.0,1.0,2.0,0.0,1.0,1.0,0.0,0.0,data/docs_source/stats/September 2017 Facial Rec Stats.xlsx,
2017-09-08,Friday,411,10.0,1.0,16.0,2.0,1.0,0.0,0.0,0.0,0.0,0.0,0.0,0.0,0.0,data/docs_source/stats/September 2017 Facial Rec Stats.xlsx,
2017-09-11,Monday,677.0,11.0,0.0,18.0,4.0,1.0,1.0,0.0,1.0,0.0,1.0,0.0,0.0,0.0,data/docs_source/stats/September 2017 Facial Rec Stats.xlsx,
2017-09-12,Tuesday,363.0,9.0,2.0,5.0,4.0,0.0,1.0,0.0,3.0,0.0,2.0,0.0,0.0,0.0,data/docs_source/stats/September 2017 Facial Rec Stats.xlsx,
2017-09-13,Wednesday,281.0,3.0,0.0,12.0,1.0,0.0,3.0,0.0,0.0,0.0,0.0,0.0,0.0,0.0,data/docs_source/stats/September 2017 Facial Rec Stats.xlsx,
2017-09-14,Thursday,303.0,7.0,0.0,12.0,3.0,0.0,2.0,0.0,0.0,0.0,0.0,0.0,0.0,0.0,data/docs_source/stats/September 2017 Facial Rec Stats.xlsx,
2017-09-15,Friday,329.0,5.0,1.0,23.0,1.0,0.0,4.0,0.0,0.0,0.0,0.0,0.0,0.0,0.0,data/docs_source/stats/September 2017 Facial Rec Stats.xlsx,
2017-09-18,Monday,688.0,8.0,0.0,30.0,10.0,0.0,3.0,0.0,0.0,0.0,0.0,0.0,0.0,0.0,data/docs_source/stats/September 2017 Facial Rec Stats.xlsx,
2017-09-19,Tuesday,335.0,4.0,1.0,11.0,5.0,0.0,1.0,0.0,1.0,0.0,0.0,1.0,0.0,1.0,data/docs_source/stats/September 2017 Facial Rec Stats.xlsx,
2017-09-20,Wednesday,249.0,9.0,1.0,6.0,1.0,0.0,1.0,0.0,0.0,0.0,0.0,0.0,0.0,0.0,data/docs_source/stats/September 2017 Facial Rec Stats.xlsx,
2017-09-21,Thursday,248.0,4.0,1.0,11.0,4.0,1.0,0.0,0.0,4.0,0.0,1.0,0.0,1.0,0.0,data/docs_source/stats/September 2017 Facial Rec Stats.xlsx,
2017-09-22,Friday,326.0,5.0,0.0,10.0,5.0,1.0,2.0,0.0,1.0,0.0,0.0,1.0,0.0,0.0,data/docs_source/stats/September 2017 Facial Rec Stats.xlsx,
2017-09-25,Monday,592.0,10.0,0.0,29.0,7.0,0.0,4.0,0.0,4.0,0.0,1.0,0.0,0.0,0.0,data/docs_source/stats/September 2017 Facial Rec Stats.xlsx,
2017-09-26,Tuesday,481.0,7.0,0.0,13.0,2.0,1.0,3.0,0.0,0.0,0.0,0.0,0.0,0.0,0.0,data/docs_source/stats/September 2017 Facial Rec Stats.xlsx,
2017-09-27,Wednesday,282.0,6.0,0.0,8.0,2.0,0.0,2.0,0.0,0.0,0.0,0.0,0.0,0.0,0.0,data/docs_source/stats/September 2017 Facial Rec Stats.xlsx,
2017-09-28,Thursday,266.0,7.0,0.0,12.0,2.0,2.0,2.0,0.0,0.0,0.0,0.0,0.0,0.0,0.0,data/docs_source/stats/September 2017 Facial Rec Stats.xlsx,
2017-09-29,Friday,325.0,8.0,0.0,11.0,1.0,0.0,0.0,0.0,0.0,0.0,0.0,0.0,0.0,0.0,data/docs_source/stats/September 2017 Facial Rec Stats.xlsx,
2017-10-02,Monday,732,17.0,1.0,24.0,1.0,2.0,2.0,0.0,1.0,0.0,1.0,0.0,0.0,0,data/docs_source/stats/October 2017 Facial Rec Stats.xlsx,
2017-10-03,Tuesday,375,5.0,0.0,10.0,3.0,0.0,1.0,0.0,0.0,0.0,0.0,0.0,0.0,0,data/docs_source/stats/October 2017 Facial Rec Stats.xlsx,
2017-10-04,Wednesday,334,7.0,0.0,10.0,1.0,4.0,2.0,0.0,1.0,0.0,0.0,1.0,0.0,0,data/docs_source/stats/October 2017 Facial Rec Stats.xlsx,
2017-10-05,Thursday,327,1.0,1.0,19.0,2.0,0.0,3.0,0.0,3.0,0.0,0.0,2.0,1.0,0,data/docs_source/stats/October 2017 Facial Rec Stats.xlsx,
2017-10-06,Friday,328,9.0,1.0,15.0,4.0,3.0,4.0,0.0,0.0,0.0,0.0,0.0,0.0,0,data/docs_source/stats/October 2017 Facial Rec Stats.xlsx,
2017-10-09,Monday,,0.0,0.0,0.0,0.0,0.0,0.0,0.0,0.0,0.0,0.0,0.0,0.0,0,data/docs_source/stats/October 2017 Facial Rec Stats.xlsx,HOLIDAY
2017-10-10,Tuesday,761,11.0,0.0,23.0,7.0,2.0,5.0,0.0,1.0,0.0,0.0,0.0,1.0,0,data/docs_source/stats/October 2017 Facial Rec Stats.xlsx,
2017-10-11,Wednesday,339,6.0,0.0,7.0,7.0,0.0,1.0,0.0,0.0,0.0,0.0,0.0,0.0,0,data/docs_source/stats/October 2017 Facial Rec Stats.xlsx,
2017-10-12,Thursday,314,8.0,1.0,11.0,1.0,1.0,3.0,0.0,2.0,0.0,1.0,0.0,0.0,0,data/docs_source/stats/October 2017 Facial Rec Stats.xlsx,
2017-10-13,Friday,372,11.0,0.0,15.0,3.0,0.0,2.0,0.0,0.0,0.0,0.0,0.0,0.0,0,data/docs_source/stats/October 2017 Facial Rec Stats.xlsx,
2017-10-16,Monday,623,9.0,0.0,17.0,2.0,1.0,1.0,0.0,0.0,0.0,0.0,0.0,0.0,0,data/docs_source/stats/October 2017 Facial Rec Stats.xlsx,
2017-10-17,Tuesday,349,5.0,0.0,7.0,4.0,1.0,2.0,0.0,1.0,0.0,1.0,0.0,0.0,0,data/docs_source/stats/October 2017 Facial Rec Stats.xlsx,
2017-10-18,Wednesday,307,16.0,0.0,9.0,3.0,1.0,0.0,0.0,1.0,0.0,0.0,0.0,1.0,0,data/docs_source/stats/October 2017 Facial Rec Stats.xlsx,
2017-10-19,Thursday,233,6.0,0.0,15.0,2.0,3.0,3.0,0.0,0.0,0.0,0.0,0.0,0.0,0,data/docs_source/stats/October 2017 Facial Rec Stats.xlsx,
2017-10-20,Friday,331,8.0,2.0,17.0,2.0,1.0,2.0,0.0,0.0,0.0,0.0,0.0,0.0,0,data/docs_source/stats/October 2017 Facial Rec Stats.xlsx,
2017-10-23,Monday,649,7.0,1.0,13.0,2.0,0.0,3.0,0.0,2.0,0.0,1.0,0.0,1.0,0,data/docs_source/stats/October 2017 Facial Rec Stats.xlsx,
2017-10-24,Tuesday,355,6.0,0.0,12.0,5.0,3.0,0.0,0.0,0.0,0.0,0.0,0.0,0.0,0,data/docs_source/stats/October 2017 Facial Rec Stats.xlsx,
2017-10-25,Wednesday,296,2.0,1.0,4.0,2.0,0.0,4.0,0.0,0.0,0.0,0.0,0.0,0.0,0,data/docs_source/stats/October 2017 Facial Rec Stats.xlsx,
2017-10-26,Thursday,256,6.0,0.0,5.0,2.0,2.0,7.0,0.0,2.0,0.0,0.0,1.0,0.0,0,data/docs_source/stats/October 2017 Facial Rec Stats.xlsx,
2017-10-27,Friday,304,8.0,1.0,14.0,2.0,1.0,1.0,0.0,0.0,0.0,0.0,0.0,0.0,0,data/docs_source/stats/October 2017 Facial Rec Stats.xlsx,
2017-10-30,Monday,652,14.0,2.0,14.0,7.0,1.0,3.0,0.0,0.0,0.0,0.0,0.0,0.0,0,data/docs_source/stats/October 2017 Facial Rec Stats.xlsx,
2017-10-31,Tuesday,278,1.0,1.0,11.0,3.0,1.0,0.0,0.0,1.0,0.0,0.0,0.0,1.0,0,data/docs_source/stats/October 2017 Facial Rec Stats.xlsx,
2018-01-01,Monday,,,,,,,,,,,,,,,data/docs_source/stats/January 2018 Facial Rec Stats.xlsx,New Years Day Holiday 01/01/2018
2018-01-02,Tuesday,810,,,34.0,9.0,1.0,3.0,0.0,0.0,0.0,0.0,0.0,0.0,0.0,data/docs_source/stats/January 2018 Facial Rec Stats.xlsx,
2018-01-03,Wednesday,386,,,6.0,6.0,1.0,3.0,0.0,1.0,1.0,0.0,1.0,0.0,0.0,data/docs_source/stats/January 2018 Facial Rec Stats.xlsx,
2018-01-04,Thursday,,,,0.0,0.0,0.0,0.0,0.0,0.0,0.0,0.0,0.0,0.0,0.0,data/docs_source/stats/January 2018 Facial Rec Stats.xlsx,SNOW DAY
2018-01-05,Friday,497,,,16.0,7.0,2.0,2.0,0.0,0.0,0.0,0.0,0.0,0.0,0.0,data/docs_source/stats/January 2018 Facial Rec Stats.xlsx,
2018-01-08,Monday,613,,,9.0,8.0,0.0,0.0,0.0,4.0,0.0,1.0,0.0,0.0,0.0,data/docs_source/stats/January 2018 Facial Rec Stats.xlsx,
2018-01-09,Tuesday,391,,,13.0,2.0,2.0,2.0,0.0,2.0,1.0,0.0,1.0,0.0,0.0,data/docs_source/stats/January 2018 Facial Rec Stats.xlsx,
2018-01-10,Wednesday,365,,,8.0,2.0,1.0,0.0,0.0,4.0,0.0,0.0,2.0,0.0,0.0,data/docs_source/stats/January 2018 Facial Rec Stats.xlsx,
2018-01-11,Thursday,365,,,8.0,1.0,2.0,3.0,0.0,0.0,0.0,0.0,0.0,0.0,0.0,data/docs_source/stats/January 2018 Facial Rec Stats.xlsx,
2018-01-12,Friday,379,,,11.0,6.0,1.0,0.0,0.0,0.0,0.0,0.0,0.0,0.0,0.0,data/docs_source/stats/January 2018 Facial Rec Stats.xlsx,
2018-01-15,Monday,,,,,,,,,,,,,,,data/docs_source/stats/January 2018 Facial Rec Stats.xlsx,Martin Luther King Jr. Holiday 01/15/2018
2018-01-16,Tuesday,777,,,23.0,17.0,1.0,3.0,0.0,3.0,2.0,0.0,2.0,0.0,0.0,data/docs_source/stats/January 2018 Facial Rec Stats.xlsx,
2018-01-17,Wednesday,389,,,14.0,5.0,0.0,1.0,0.0,0.0,0.0,0.0,0.0,0.0,0.0,data/docs_source/stats/January 2018 Facial Rec Stats.xlsx,
2018-01-18,Thursday,265,,,12.0,2.0,3.0,3.0,0.0,5.0,1.0,0.0,2.0,0.0,0.0,data/docs_source/stats/January 2018 Facial Rec Stats.xlsx,
2018-01-19,Friday,334,,,11.0,3.0,0.0,1.0,0.0,0.0,0.0,0.0,0.0,0.0,0.0,data/docs_source/stats/January 2018 Facial Rec Stats.xlsx,
2018-01-22,Monday,929,,,19.0,4.0,3.0,2.0,0.0,4.0,0.0,0.0,1.0,0.0,0.0,data/docs_source/stats/January 2018 Facial Rec Stats.xlsx,
2018-01-23,Tuesday,447,,,11.0,4.0,2.0,2.0,0.0,5.0,0.0,0.0,1.0,0.0,0.0,data/docs_source/stats/January 2018 Facial Rec Stats.xlsx,
2018-01-24,Wednesday,419,,,20.0,5.0,0.0,3.0,0.0,0.0,0.0,0.0,0.0,0.0,0.0,data/docs_source/stats/January 2018 Facial Rec Stats.xlsx,
2018-01-25,Thursday,481,,,16.0,3.0,1.0,1.0,0.0,0.0,0.0,0.0,0.0,0.0,0.0,data/docs_source/stats/January 2018 Facial Rec Stats.xlsx,
2018-01-26,Friday,489,,,8.0,0.0,1.0,3.0,0.0,0.0,0.0,0.0,0.0,0.0,0.0,data/docs_source/stats/January 2018 Facial Rec Stats.xlsx,
2018-01-29,Monday,962,,,32.0,10.0,2.0,1.0,1.0,2.0,0.0,2.0,0.0,0.0,0.0,data/docs_source/stats/January 2018 Facial Rec Stats.xlsx,
2018-01-30,Tuesday,477,,,10.0,4.0,1.0,1.0,0.0,1.0,0.0,1.0,0.0,0.0,0.0,data/docs_source/stats/January 2018 Facial Rec Stats.xlsx,
2018-01-31,Wednesday,402,,,19.0,3.0,1.0,0.0,0.0,0.0,0.0,0.0,0.0,0.0,0.0,data/docs_source/stats/January 2018 Facial Rec Stats.xlsx,
2018-02-01,Thursday,555,,,17.0,7.0,3.0,4.0,0.0,0.0,0.0,0.0,0.0,0.0,0.0,data/docs_source/stats/February 2018 Facial Rec Stats.xlsx,
2018-02-02,Friday,550,,,8.0,2.0,0.0,2.0,0.0,2.0,0.0,0.0,2.0,0.0,0.0,data/docs_source/stats/February 2018 Facial Rec Stats.xlsx,
2018-02-05,Monday,1040,,,38.0,8.0,2.0,3.0,2.0,1.0,0.0,2.0,0.0,1.0,0.0,data/docs_source/stats/February 2018 Facial Rec Stats.xlsx,
2018-02-06,Tuesday,475,,,9.0,1.0,2.0,4.0,0.0,0.0,0.0,0.0,0.0,0.0,0.0,data/docs_source/stats/February 2018 Facial Rec Stats.xlsx,
2018-02-07,Wednesday,436,,,18.0,5.0,0.0,2.0,0.0,0.0,0.0,0.0,0.0,0.0,0.0,data/docs_source/stats/February 2018 Facial Rec Stats.xlsx,
2018-02-08,Thursday,453,,,14.0,3.0,0.0,1.0,0.0,0.0,0.0,0.0,0.0,0.0,0.0,data/docs_source/stats/February 2018 Facial Rec Stats.xlsx,
2018-02-09,Friday,465,,,10.0,5.0,0.0,3.0,0.0,0.0,0.0,0.0,0.0,0.0,0.0,data/docs_source/stats/February 2018 Facial Rec Stats.xlsx,
2018-02-12,Monday,1030,,,27.0,10.0,4.0,5.0,0.0,2.0,0.0,1.0,0.0,0.0,0.0,data/docs_source/stats/February 2018 Facial Rec Stats.xlsx,
2018-02-13,Tuesday,459,,,6.0,2.0,1.0,2.0,0.0,1.0,0.0,1.0,0.0,0.0,0.0,data/docs_source/stats/February 2018 Facial Rec Stats.xlsx,
2018-02-14,Wednesday,427,,,12.0,3.0,2.0,3.0,0.0,0.0,0.0,0.0,0.0,0.0,0.0,data/docs_source/stats/February 2018 Facial Rec Stats.xlsx,
2018-02-15,Thursday,465,,,17.0,1.0,2.0,2.0,0.0,1.0,0.0,0.0,1.0,0.0,0.0,data/docs_source/stats/February 2018 Facial Rec Stats.xlsx,
2018-02-16,Friday,438,,,11.0,5.0,0.0,1.0,0.0,0.0,0.0,0.0,0.0,0.0,0.0,data/docs_source/stats/February 2018 Facial Rec Stats.xlsx,
2018-02-19,Monday,,,,,,,,,,,,,,,data/docs_source/stats/February 2018 Facial Rec Stats.xlsx,President's Day Holiday 02/19/2018
2018-02-20,Tuesday,1155,,,27.0,7.0,2.0,4.0,1.0,0.0,0.0,1.0,0.0,0.0,0.0,data/docs_source/stats/February 2018 Facial Rec Stats.xlsx,
2018-02-21,Wednesday,793,,,10.0,6.0,0.0,1.0,0.0,0.0,0.0,0.0,0.0,0.0,0.0,data/docs_source/stats/February 2018 Facial Rec Stats.xlsx,
2018-02-22,Thursday,668,,,13.0,7.0,1.0,2.0,0.0,1.0,0.0,0.0,1.0,0.0,0.0,data/docs_source/stats/February 2018 Facial Rec Stats.xlsx,
2018-02-23,Friday,709,,,8.0,3.0,3.0,2.0,0.0,2.0,1.0,0.0,0.0,1.0,0.0,data/docs_source/stats/February 2018 Facial Rec Stats.xlsx,
2018-02-26,Monday,2279,,,52.0,19.0,2.0,3.0,0.0,0.0,0.0,0.0,0.0,0.0,0.0,data/docs_source/stats/February 2018 Facial Rec Stats.xlsx,
2018-02-27,Tuesday,830,,,7.0,3.0,0.0,4.0,0.0,1.0,0.0,0.0,1.0,0.0,0.0,data/docs_source/stats/February 2018 Facial Rec Stats.xlsx,
2018-02-28,Wednesday,772,,,21.0,4.0,4.0,2.0,0.0,4.0,0.0,0.0,1.0,1.0,0.0,data/docs_source/stats/February 2018 Facial Rec Stats.xlsx,
2018-03-01,Thursday,828.0,,,7.0,3.0,0.0,2.0,0.0,1.0,1.0,0.0,0.0,1.0,0.0,data/docs_source/stats/March 2018 Facial Rec Stats.xlsx,
2018-03-02,Friday,727.0,,,31.0,9.0,2.0,2.0,0.0,0.0,0.0,0.0,0.0,0.0,0.0,data/docs_source/stats/March 2018 Facial Rec Stats.xlsx,
2018-03-05,Monday,1473,,,34.0,10.0,2.0,3.0,0.0,1.0,0.0,0.0,1.0,0.0,0.0,data/docs_source/stats/March 2018 Facial Rec Stats.xlsx,
2018-03-06,Tuesday,743,,,18.0,2.0,3.0,3.0,1.0,1.0,0.0,0.0,1.0,0.0,0.0,data/docs_source/stats/March 2018 Facial Rec Stats.xlsx,
2018-03-07,Wednesday,789,,,24.0,9.0,2.0,2.0,0.0,6.0,1.0,1.0,1.0,0.0,0.0,data/docs_source/stats/March 2018 Facial Rec Stats.xlsx,
2018-03-08,Thursday,,,,0.0,0.0,0.0,0.0,0.0,0.0,0.0,0.0,0.0,0.0,0.0,data/docs_source/stats/March 2018 Facial Rec Stats.xlsx,SNOW DAY
2018-03-09,Friday,1261,,,41.0,7.0,5.0,5.0,0.0,0.0,0.0,0.0,0.0,0.0,0.0,data/docs_source/stats/March 2018 Facial Rec Stats.xlsx,
2018-03-12,Monday,1369,,,23.0,11.0,2.0,3.0,0.0,0.0,0.0,0.0,0.0,0.0,0.0,data/docs_source/stats/March 2018 Facial Rec Stats.xlsx,
2018-03-13,Tuesday,,,,0.0,0.0,0.0,0.0,0.0,0.0,0.0,0.0,0.0,0.0,0.0,data/docs_source/stats/March 2018 Facial Rec Stats.xlsx,SNOW DAY
2018-03-14,Wednesday,876,,,17.0,7.0,6.0,2.0,0.0,4.0,0.0,1.0,0.0,0.0,0.0,data/docs_source/stats/March 2018 Facial Rec Stats.xlsx,
2018-03-15,Thursday,613,,,5.0,3.0,2.0,2.0,1.0,4.0,0.0,1.0,2.0,0.0,0.0,data/docs_source/stats/March 2018 Facial Rec Stats.xlsx,
2018-03-16,Friday,595,,,13.0,5.0,2.0,1.0,0.0,0.0,0.0,0.0,0.0,0.0,0.0,data/docs_source/stats/March 2018 Facial Rec Stats.xlsx,
2018-03-19,Monday,1416.0,,,33.0,10.0,3.0,4.0,0.0,1.0,0.0,0.0,0.0,1.0,0.0,data/docs_source/stats/March 2018 Facial Rec Stats.xlsx,
2018-03-20,Tuesday,705.0,,,14.0,6.0,0.0,2.0,0.0,0.0,0.0,0.0,0.0,0.0,0.0,data/docs_source/stats/March 2018 Facial Rec Stats.xlsx,
2018-03-21,Wednesday,666.0,,,24.0,4.0,0.0,4.0,0.0,0.0,0.0,0.0,0.0,0.0,0.0,data/docs_source/stats/March 2018 Facial Rec Stats.xlsx,
2018-03-22,Thursday,674.0,,,20.0,10.0,1.0,3.0,1.0,6.0,0.0,2.0,1.0,0.0,0.0,data/docs_source/stats/March 2018 Facial Rec Stats.xlsx,
2018-03-23,Friday,594.0,,,6.0,2.0,1.0,1.0,0.0,0.0,0.0,0.0,0.0,0.0,0.0,data/docs_source/stats/March 2018 Facial Rec Stats.xlsx,
2018-03-26,Monday,,,,0.0,0.0,0.0,0.0,0.0,0.0,0.0,0.0,0.0,0.0,0.0,data/docs_source/stats/March 2018 Facial Rec Stats.xlsx,OFFLINE/ ATLAS
2018-03-27,Tuesday,364,,,11.0,2.0,1.0,1.0,0.0,0.0,0.0,0.0,0.0,0.0,0.0,data/docs_source/stats/March 2018 Facial Rec Stats.xlsx,
2018-03-28,Wednesday,368,,,9.0,3.0,0.0,3.0,0.0,2.0,0.0,0.0,0.0,1.0,0.0,data/docs_source/stats/March 2018 Facial Rec Stats.xlsx,
2018-03-29,Thursday,365,,,11.0,3.0,0.0,2.0,0.0,2.0,0.0,0.0,1.0,0.0,0.0,data/docs_source/stats/March 2018 Facial Rec Stats.xlsx,
2018-03-30,Friday,385,,,20.0,0.0,1.0,3.0,1.0,1.0,0.0,1.0,1.0,0.0,0.0,data/docs_source/stats/March 2018 Facial Rec Stats.xlsx,
2018-04-02,Monday,481,,,16.0,2.0,0.0,0.0,0.0,3.0,0.0,1.0,0.0,0.0,0.0,data/docs_source/stats/April 2018 Facial Rec Stats.xlsx,
2018-04-03,Tuesday,509,,,11.0,8.0,0.0,3.0,0.0,0.0,0.0,0.0,0.0,0.0,0.0,data/docs_source/stats/April 2018 Facial Rec Stats.xlsx,
2018-04-04,Wednesday,407,,,10.0,4.0,2.0,3.0,0.0,1.0,1.0,0.0,1.0,0.0,0.0,data/docs_source/stats/April 2018 Facial Rec Stats.xlsx,
2018-04-05,Thursday,421,,,13.0,3.0,1.0,0.0,0.0,0.0,0.0,0.0,0.0,0.0,0.0,data/docs_source/stats/April 2018 Facial Rec Stats.xlsx,
2018-04-06,Friday,396,,,18.0,0.0,0.0,0.0,0.0,0.0,0.0,0.0,0.0,0.0,0.0,data/docs_source/stats/April 2018 Facial Rec Stats.xlsx,
2018-04-09,Monday,602,,,11.0,3.0,2.0,0.0,0.0,2.0,0.0,0.0,1.0,1.0,0.0,data/docs_source/stats/April 2018 Facial Rec Stats.xlsx,
2018-04-10,Tuesday,725,,,14.0,7.0,0.0,0.0,0.0,1.0,0.0,0.0,1.0,0.0,0.0,data/docs_source/stats/April 2018 Facial Rec Stats.xlsx,
2018-04-11,Wednesday,601,,,11.0,3.0,2.0,1.0,0.0,1.0,0.0,1.0,0.0,0.0,0.0,data/docs_source/stats/April 2018 Facial Rec Stats.xlsx,
2018-04-12,Thursday,597,,,15.0,4.0,4.0,0.0,0.0,0.0,0.0,0.0,0.0,0.0,0.0,data/docs_source/stats/April 2018 Facial Rec Stats.xlsx,
2018-04-13,Friday,584,,,8.0,5.0,1.0,2.0,0.0,6.0,1.0,1.0,2.0,0.0,0.0,data/docs_source/stats/April 2018 Facial Rec Stats.xlsx,
2018-04-16,Monday,,,,,,,,,,,,,,,data/docs_source/stats/April 2018 Facial Rec Stats.xlsx,PATRIOTS DAY HOLIDAY 04/16/2018
2018-04-17,Tuesday,730,,,13.0,3.0,2.0,0.0,0.0,0.0,0.0,0.0,0.0,0.0,0.0,data/docs_source/stats/April 2018 Facial Rec Stats.xlsx,
2018-04-18,Wednesday,832,,,12.0,6.0,1.0,2.0,0.0,1.0,0.0,0.0,1.0,0.0,0.0,data/docs_source/stats/April 2018 Facial Rec Stats.xlsx,
2018-04-19,Thursday,620,,,25.0,3.0,0.0,0.0,0.0,0.0,0.0,0.0,0.0,0.0,0.0,data/docs_source/stats/April 2018 Facial Rec Stats.xlsx,
2018-04-20,Friday,627,,,13.0,5.0,3.0,0.0,0.0,0.0,0.0,0.0,0.0,0.0,0.0,data/docs_source/stats/April 2018 Facial Rec Stats.xlsx,
2018-04-23,Monday,778,,,11.0,4.0,0.0,2.0,0.0,1.0,1.0,0.0,0.0,1.0,0.0,data/docs_source/stats/April 2018 Facial Rec Stats.xlsx,
2018-04-24,Tuesday,742,,,11.0,2.0,1.0,0.0,0.0,0.0,0.0,0.0,0.0,0.0,0.0,data/docs_source/stats/April 2018 Facial Rec Stats.xlsx,
2018-04-25,Wednesday,565,,,9.0,3.0,0.0,1.0,0.0,3.0,0.0,0.0,1.0,0.0,0.0,data/docs_source/stats/April 2018 Facial Rec Stats.xlsx,
2018-04-26,Thursday,534,,,14.0,1.0,1.0,1.0,0.0,0.0,0.0,0.0,0.0,0.0,0.0,data/docs_source/stats/April 2018 Facial Rec Stats.xlsx,
2018-04-27,Friday,342,,,5.0,2.0,0.0,1.0,0.0,0.0,0.0,0.0,0.0,0.0,0.0,data/docs_source/stats/April 2018 Facial Rec Stats.xlsx,
2018-04-30,Monday,506,,,14.0,3.0,1.0,0.0,1.0,0.0,0.0,1.0,0.0,0.0,0.0,data/docs_source/stats/April 2018 Facial Rec Stats.xlsx,
2018-05-01,Tuesday,753,,,10.0,7.0,1.0,1.0,0.0,2.0,0.0,1.0,0.0,0.0,0.0,data/docs_source/stats/May 2018 Facial Rec Stats.xlsx,
2018-05-02,Wednesday,581,,,13.0,1.0,0.0,2.0,1.0,4.0,0.0,2.0,0.0,0.0,0.0,data/docs_source/stats/May 2018 Facial Rec Stats.xlsx,
2018-05-03,Thursday,517,,,13.0,4.0,1.0,2.0,1.0,0.0,0.0,0.0,1.0,0.0,0.0,data/docs_source/stats/May 2018 Facial Rec Stats.xlsx,
2018-05-04,Friday,498,,,17.0,1.0,2.0,1.0,0.0,0.0,0.0,0.0,0.0,0.0,0.0,data/docs_source/stats/May 2018 Facial Rec Stats.xlsx,
2018-05-07,Monday,731,,,15.0,5.0,2.0,3.0,0.0,0.0,0.0,0.0,0.0,0.0,0.0,data/docs_source/stats/May 2018 Facial Rec Stats.xlsx,
2018-05-08,Tuesday,758,,,10.0,6.0,1.0,0.0,0.0,0.0,0.0,0.0,0.0,0.0,0.0,data/docs_source/stats/May 2018 Facial Rec Stats.xlsx,
2018-05-09,Wednesday,598,,,13.0,2.0,1.0,2.0,0.0,0.0,0.0,0.0,0.0,0.0,0.0,data/docs_source/stats/May 2018 Facial Rec Stats.xlsx,
2018-05-10,Thursday,530,,,5.0,3.0,2.0,0.0,0.0,3.0,0.0,0.0,0.0,1.0,0.0,data/docs_source/stats/May 2018 Facial Rec Stats.xlsx,
2018-05-11,Friday,573,,,11.0,1.0,1.0,1.0,0.0,0.0,0.0,0.0,0.0,0.0,0.0,data/docs_source/stats/May 2018 Facial Rec Stats.xlsx,
2018-05-14,Monday,635,,,9.0,6.0,0.0,1.0,0.0,1.0,1.0,0.0,1.0,0.0,0.0,data/docs_source/stats/May 2018 Facial Rec Stats.xlsx,
2018-05-15,Tuesday,871,,,12.0,11.0,0.0,3.0,0.0,0.0,0.0,0.0,0.0,0.0,0.0,data/docs_source/stats/May 2018 Facial Rec Stats.xlsx,
2018-05-16,Wednesday,621,,,14.0,3.0,0.0,2.0,0.0,1.0,1.0,1.0,0.0,0.0,0.0,data/docs_source/stats/May 2018 Facial Rec Stats.xlsx,
2018-05-17,Thursday,603,,,9.0,7.0,2.0,4.0,0.0,3.0,0.0,1.0,0.0,0.0,0.0,data/docs_source/stats/May 2018 Facial Rec Stats.xlsx,
2018-05-18,Friday,529,,,11.0,3.0,0.0,2.0,0.0,0.0,0.0,0.0,0.0,0.0,0.0,data/docs_source/stats/May 2018 Facial Rec Stats.xlsx,
2018-05-21,Monday,684,,,5.0,5.0,1.0,1.0,0.0,1.0,0.0,0.0,1.0,0.0,0.0,data/docs_source/stats/May 2018 Facial Rec Stats.xlsx,
2018-05-22,Tuesday,787,,,21.0,6.0,0.0,0.0,0.0,0.0,0.0,0.0,0.0,0.0,0.0,data/docs_source/stats/May 2018 Facial Rec Stats.xlsx,
2018-05-23,Wednesday,676,,,8.0,4.0,1.0,0.0,0.0,3.0,3.0,0.0,1.0,0.0,0.0,data/docs_source/stats/May 2018 Facial Rec Stats.xlsx,
2018-05-24,Thursday,567,,,20.0,3.0,0.0,0.0,1.0,0.0,0.0,,0.0,0.0,0.0,data/docs_source/stats/May 2018 Facial Rec Stats.xlsx,
2018-05-25,Friday,527,,,9.0,3.0,0.0,0.0,0.0,0.0,0.0,0.0,0.0,0.0,0.0,data/docs_source/stats/May 2018 Facial Rec Stats.xlsx,
2018-05-28,Monday,,,,,,,,,,,,,,,data/docs_source/stats/May 2018 Facial Rec Stats.xlsx,MEMORIAL DAY HOLIDAY 05/28/2018
2018-05-29,Tuesday,755,,,14.0,4.0,0.0,2.0,0.0,3.0,0.0,0.0,1.0,0.0,0.0,data/docs_source/stats/May 2018 Facial Rec Stats.xlsx,
2018-05-30,Wednesday,667,,,11.0,3.0,0.0,1.0,0.0,0.0,0.0,0.0,0.0,0.0,0.0,data/docs_source/stats/May 2018 Facial Rec Stats.xlsx,
2018-05-31,Thursday,577,,,11.0,1.0,0.0,0.0,0.0,0.0,0.0,0.0,0.0,0.0,0.0,data/docs_source/stats/May 2018 Facial Rec Stats.xlsx,
2018-06-01,Friday,605,,,15.0,3.0,1.0,2.0,0.0,0.0,0.0,0.0,0.0,0.0,0,data/docs_source/stats/June 2018 Facial Rec Stats.xlsx,
2018-06-04,Monday,683,,,10.0,2.0,0.0,0.0,0.0,1.0,0.0,0.0,1.0,0.0,0,data/docs_source/stats/June 2018 Facial Rec Stats.xlsx,
2018-06-05,Tuesday,828,,,10.0,6.0,0.0,0.0,0.0,0.0,0.0,0.0,0.0,0.0,0,data/docs_source/stats/June 2018 Facial Rec Stats.xlsx,
2018-06-06,Wednesday,685,,,11.0,7.0,0.0,0.0,0.0,8.0,3.0,0.0,2.0,0.0,0,data/docs_source/stats/June 2018 Facial Rec Stats.xlsx,
2018-06-07,Thursday,643,,,13.0,3.0,2.0,1.0,1.0,0.0,0.0,1.0,0.0,0.0,0,data/docs_source/stats/June 2018 Facial Rec Stats.xlsx,
2018-06-08,Friday,617,,,8.0,2.0,0.0,1.0,0.0,0.0,0.0,0.0,0.0,0.0,0,data/docs_source/stats/June 2018 Facial Rec Stats.xlsx,
2018-06-11,Monday,755,,,21.0,2.0,0.0,1.0,0.0,0.0,0.0,0.0,0.0,0.0,0,data/docs_source/stats/June 2018 Facial Rec Stats.xlsx,
2018-06-12,Tuesday,792,,,11.0,4.0,2.0,1.0,0.0,0.0,0.0,0.0,0.0,0.0,0,data/docs_source/stats/June 2018 Facial Rec Stats.xlsx,
2018-06-13,Wednesday,643,,,7.0,3.0,0.0,1.0,1.0,3.0,3.0,0.0,2.0,1.0,0,data/docs_source/stats/June 2018 Facial Rec Stats.xlsx,
2018-06-14,Thursday,646,,,19.0,4.0,1.0,1.0,0.0,14.0,1.0,0.0,2.0,1.0,0,data/docs_source/stats/June 2018 Facial Rec Stats.xlsx,
2018-06-15,Friday,584,,,10.0,6.0,2.0,3.0,0.0,0.0,0.0,0.0,0.0,0.0,0,data/docs_source/stats/June 2018 Facial Rec Stats.xlsx,
2018-06-18,Monday,730,,,7.0,1.0,0.0,1.0,0.0,1.0,0.0,0.0,0.0,1.0,0,data/docs_source/stats/June 2018 Facial Rec Stats.xlsx,
2018-06-19,Tuesday,833,,,8.0,5.0,2.0,0.0,0.0,1.0,0.0,0.0,1.0,0.0,0,data/docs_source/stats/June 2018 Facial Rec Stats.xlsx,
2018-06-20,Wednesday,619,,,11.0,3.0,1.0,1.0,0.0,0.0,0.0,0.0,0.0,0.0,0,data/docs_source/stats/June 2018 Facial Rec Stats.xlsx,
2018-06-21,Thursday,589,,,11.0,3.0,3.0,2.0,0.0,2.0,0.0,1.0,0.0,0.0,0,data/docs_source/stats/June 2018 Facial Rec Stats.xlsx,
2018-06-22,Friday,643,,,16.0,2.0,1.0,1.0,0.0,0.0,0.0,0.0,0.0,0.0,0,data/docs_source/stats/June 2018 Facial Rec Stats.xlsx,
2018-06-25,Monday,757,,,15.0,3.0,0.0,1.0,0.0,2.0,1.0,0.0,1.0,0.0,0,data/docs_source/stats/June 2018 Facial Rec Stats.xlsx,
2018-06-26,Tuesday,829,,,20.0,2.0,0.0,0.0,0.0,0.0,0.0,0.0,0.0,0.0,0,data/docs_source/stats/June 2018 Facial Rec Stats.xlsx,
2018-06-27,Wednesday,659,,,12.0,6.0,2.0,2.0,0.0,0.0,0.0,0.0,0.0,0.0,0,data/docs_source/stats/June 2018 Facial Rec Stats.xlsx,
2018-06-28,Thursday,650,,,7.0,2.0,0.0,1.0,0.0,1.0,2.0,0.0,1.0,0.0,0,data/docs_source/stats/June 2018 Facial Rec Stats.xlsx,
2018-06-29,Friday,585,,,7.0,4.0,0.0,0.0,0.0,0.0,0.0,0.0,0.0,0.0,0,data/docs_source/stats/June 2018 Facial Rec Stats.xlsx,
2018-07-02,Monday,716,,,12.0,5.0,0.0,1.0,0.0,0.0,0.0,0.0,0.0,0.0,0.0,data/docs_source/stats/July 2018 Facial Rec Stats.xlsx,
2018-07-03,Tuesday,859,,,12.0,3.0,1.0,0.0,0.0,4.0,0.0,0.0,2.0,0.0,0.0,data/docs_source/stats/July 2018 Facial Rec Stats.xlsx,
2018-07-04,Wednesday,,,,,,,,,,,,,,,data/docs_source/stats/July 2018 Facial Rec Stats.xlsx,4TH OF JULY INDEPENDENCE DAY HOLIDAY
2018-07-05,Thursday,722,,,11.0,6.0,2.0,1.0,0.0,0.0,0.0,0.0,0.0,0.0,0.0,data/docs_source/stats/July 2018 Facial Rec Stats.xlsx,
2018-07-06,Friday,651,,,14.0,4.0,0.0,3.0,0.0,0.0,0.0,0.0,0.0,0.0,0.0,data/docs_source/stats/July 2018 Facial Rec Stats.xlsx,
2018-07-09,Monday,831,,,10.0,3.0,0.0,1.0,0.0,0.0,0.0,0.0,0.0,0.0,0.0,data/docs_source/stats/July 2018 Facial Rec Stats.xlsx,
2018-07-10,Tuesday,878,,,17.0,3.0,2.0,1.0,0.0,0.0,0.0,0.0,0.0,0.0,0.0,data/docs_source/stats/July 2018 Facial Rec Stats.xlsx,
2018-07-11,Wednesday,678,,,9.0,5.0,4.0,3.0,0.0,1.0,5.0,0.0,1.0,0.0,0.0,data/docs_source/stats/July 2018 Facial Rec Stats.xlsx,
2018-07-12,Thursday,612,,,13.0,3.0,2.0,0.0,1.0,0.0,0.0,1.0,0.0,0.0,0.0,data/docs_source/stats/July 2018 Facial Rec Stats.xlsx,
2018-07-13,Friday,608,,,9.0,4.0,1.0,0.0,0.0,2.0,0.0,0.0,1.0,0.0,0.0,data/docs_source/stats/July 2018 Facial Rec Stats.xlsx,
2018-07-16,Monday,727,,,15.0,4.0,2.0,2.0,0.0,0.0,0.0,0.0,0.0,0.0,0.0,data/docs_source/stats/July 2018 Facial Rec Stats.xlsx,
2018-07-17,Tuesday,834,,,15.0,3.0,2.0,2.0,0.0,0.0,0.0,0.0,0.0,0.0,0.0,data/docs_source/stats/July 2018 Facial Rec Stats.xlsx,
2018-07-18,Wednesday,638,,,7.0,5.0,0.0,1.0,0.0,0.0,0.0,0.0,0.0,0.0,0.0,data/docs_source/stats/July 2018 Facial Rec Stats.xlsx,
2018-07-19,Thursday,628,,,10.0,3.0,0.0,1.0,0.0,2.0,0.0,1.0,0.0,0.0,0.0,data/docs_source/stats/July 2018 Facial Rec Stats.xlsx,
2018-07-20,Friday,604,,,10.0,2.0,1.0,1.0,0.0,0.0,0.0,0.0,0.0,0.0,0.0,data/docs_source/stats/July 2018 Facial Rec Stats.xlsx,
2018-07-23,Monday,743,,,10.0,7.0,2.0,1.0,0.0,0.0,0.0,0.0,0.0,0.0,0.0,data/docs_source/stats/July 2018 Facial Rec Stats.xlsx,
2018-07-24,Tuesday,761,,,8.0,8.0,1.0,3.0,0.0,0.0,0.0,0.0,0.0,0.0,0.0,data/docs_source/stats/July 2018 Facial Rec Stats.xlsx,
2018-07-25,Wednesday,650,,,11.0,3.0,1.0,3.0,0.0,2.0,0.0,1.0,0.0,0.0,0.0,data/docs_source/stats/July 2018 Facial Rec Stats.xlsx,
2018-07-26,Thursday,606,,,6.0,7.0,3.0,0.0,0.0,0.0,0.0,0.0,0.0,0.0,0.0,data/docs_source/stats/July 2018 Facial Rec Stats.xlsx,
2018-07-27,Friday,553,,,9.0,6.0,0.0,3.0,0.0,0.0,0.0,0.0,0.0,0.0,0.0,data/docs_source/stats/July 2018 Facial Rec Stats.xlsx,
2018-07-30,Monday,693,,,11.0,8.0,1.0,0.0,0.0,0.0,0.0,0.0,0.0,0.0,0.0,data/docs_source/stats/July 2018 Facial Rec Stats.xlsx,
2018-07-31,Tuesday,855,,,13.0,2.0,0.0,2.0,0.0,0.0,0.0,0.0,0.0,0.0,0.0,data/docs_source/stats/July 2018 Facial Rec Stats.xlsx,
2018-08-01,Wednesday,646,,,14.0,3.0,2.0,1.0,0.0,1.0,1.0,0.0,1.0,0.0,0,data/docs_source/stats/August 2018 Facial Rec Stats.xlsx,
2018-08-02,Thursday,704,,,11.0,8.0,1.0,2.0,0.0,0.0,0.0,0.0,0.0,0.0,0,data/docs_source/stats/August 2018 Facial Rec Stats.xlsx,
2018-08-03,Friday,560,,,2.0,2.0,0.0,1.0,0.0,2.0,1.0,0.0,1.0,0.0,0,data/docs_source/stats/August 2018 Facial Rec Stats.xlsx,
2018-08-06,Monday,795,,,18.0,6.0,1.0,4.0,0.0,3.0,1.0,1.0,0.0,0.0,0,data/docs_source/stats/August 2018 Facial Rec Stats.xlsx,
2018-08-07,Tuesday,748,,,17.0,5.0,0.0,2.0,0.0,0.0,0.0,0.0,0.0,0.0,0,data/docs_source/stats/August 2018 Facial Rec Stats.xlsx,
2018-08-08,Wednesday,791,,,9.0,2.0,2.0,1.0,0.0,12.0,0.0,1.0,0.0,1.0,0,data/docs_source/stats/August 2018 Facial Rec Stats.xlsx,
2018-08-09,Thursday,704,,,12.0,5.0,0.0,2.0,0.0,2.0,4.0,0.0,0.0,1.0,0,data/docs_source/stats/August 2018 Facial Rec Stats.xlsx,
2018-08-10,Friday,658,,,16.0,10.0,2.0,2.0,0.0,0.0,0.0,0.0,0.0,0.0,0,data/docs_source/stats/August 2018 Facial Rec Stats.xlsx,
2018-08-13,Monday,824,,,12.0,3.0,2.0,0.0,0.0,0.0,0.0,0.0,0.0,0.0,0,data/docs_source/stats/August 2018 Facial Rec Stats.xlsx,
2018-08-14,Tuesday,953,,,14.0,6.0,0.0,2.0,0.0,0.0,0.0,0.0,0.0,0.0,0,data/docs_source/stats/August 2018 Facial Rec Stats.xlsx,
2018-08-15,Wednesday,743,,,8.0,4.0,1.0,1.0,0.0,1.0,1.0,0.0,1.0,0.0,0,data/docs_source/stats/August 2018 Facial Rec Stats.xlsx,
2018-08-16,Thursday,655,,,11.0,4.0,3.0,4.0,0.0,2.0,0.0,0.0,1.0,0.0,0,data/docs_source/stats/August 2018 Facial Rec Stats.xlsx,
2018-08-17,Friday,641,,,13.0,3.0,3.0,3.0,0.0,0.0,0.0,0.0,0.0,0.0,0,data/docs_source/stats/August 2018 Facial Rec Stats.xlsx,
2018-08-20,Monday,775,,,10.0,1.0,2.0,1.0,0.0,0.0,0.0,0.0,0.0,0.0,0,data/docs_source/stats/August 2018 Facial Rec Stats.xlsx,
2018-08-21,Tuesday,895,,,11.0,6.0,1.0,1.0,0.0,0.0,0.0,0.0,0.0,0.0,0,data/docs_source/stats/August 2018 Facial Rec Stats.xlsx,
2018-08-22,Wednesday,723,,,8.0,7.0,3.0,1.0,0.0,2.0,1.0,0.0,0.0,2.0,0,data/docs_source/stats/August 2018 Facial Rec Stats.xlsx,
2018-08-23,Thursday,670,,,12.0,4.0,1.0,0.0,1.0,0.0,0.0,1.0,0.0,0.0,0,data/docs_source/stats/August 2018 Facial Rec Stats.xlsx,
2018-08-24,Friday,659,,,7.0,1.0,1.0,0.0,1.0,0.0,0.0,1.0,0.0,0.0,0,data/docs_source/stats/August 2018 Facial Rec Stats.xlsx,
2018-08-27,Monday,807,,,10.0,4.0,1.0,2.0,0.0,1.0,0.0,1.0,0.0,0.0,0,data/docs_source/stats/August 2018 Facial Rec Stats.xlsx,
2018-08-28,Tuesday,851,,,9.0,7.0,4.0,3.0,0.0,0.0,0.0,0.0,0.0,0.0,0,data/docs_source/stats/August 2018 Facial Rec Stats.xlsx,
2018-08-29,Wednesday,666,,,14.0,3.0,3.0,5.0,0.0,3.0,0.0,1.0,0.0,1.0,0,data/docs_source/stats/August 2018 Facial Rec Stats.xlsx,
2018-08-30,Thursday,662,,,11.0,3.0,2.0,0.0,0.0,0.0,0.0,0.0,0.0,0.0,0,data/docs_source/stats/August 2018 Facial Rec Stats.xlsx,
2018-08-31,Friday,667,,,8.0,2.0,2.0,0.0,0.0,0.0,0.0,0.0,0.0,0.0,0,data/docs_source/stats/August 2018 Facial Rec Stats.xlsx,
2018-10-01,Monday,785,,,8.0,1.0,2.0,1.0,2.0,3.0,0.0,2.0,2.0,0.0,0,data/docs_source/stats/October 2018 Facial Rec Stats.xlsx,
2018-10-02,Tuesday,839,,,14.0,6.0,1.0,2.0,0.0,0.0,0.0,0.0,0.0,0.0,0,data/docs_source/stats/October 2018 Facial Rec Stats.xlsx,
2018-10-03,Wednesday,654,,,8.0,2.0,0.0,1.0,1.0,,0.0,1.0,0.0,0.0,0,data/docs_source/stats/October 2018 Facial Rec Stats.xlsx,
2018-10-04,Thursday,646,,,11.0,4.0,1.0,3.0,0.0,0.0,0.0,0.0,0.0,0.0,0,data/docs_source/stats/October 2018 Facial Rec Stats.xlsx,
2018-10-05,Friday,660,,,10.0,2.0,1.0,2.0,0.0,0.0,0.0,0.0,0.0,0.0,0,data/docs_source/stats/October 2018 Facial Rec Stats.xlsx,
2018-10-08,Monday,,,,0.0,0.0,0.0,0.0,0.0,0.0,0.0,0.0,0.0,0.0,0,data/docs_source/stats/October 2018 Facial Rec Stats.xlsx,HOLIDAY
2018-10-09,Tuesday,962,,,12.0,6.0,2.0,2.0,0.0,3.0,0.0,2.0,1.0,0.0,0,data/docs_source/stats/October 2018 Facial Rec Stats.xlsx,
2018-10-10,Wednesday,966,,,15.0,3.0,0.0,4.0,0.0,0.0,0.0,0.0,0.0,0.0,0,data/docs_source/stats/October 2018 Facial Rec Stats.xlsx,
2018-10-11,Thursday,757,,,11.0,4.0,3.0,1.0,1.0,0.0,0.0,1.0,0.0,0.0,0,data/docs_source/stats/October 2018 Facial Rec Stats.xlsx,
2018-10-12,Friday,685,,,9.0,6.0,1.0,2.0,0.0,0.0,0.0,0.0,0.0,0.0,0,data/docs_source/stats/October 2018 Facial Rec Stats.xlsx,
2018-10-15,Monday,857,,,11.0,2.0,4.0,1.0,0.0,1.0,1.0,1.0,,0.0,0,data/docs_source/stats/October 2018 Facial Rec Stats.xlsx,
2018-10-16,Tuesday,933,,,12.0,6.0,1.0,1.0,0.0,0.0,0.0,0.0,0.0,0.0,0,data/docs_source/stats/October 2018 Facial Rec Stats.xlsx,
2018-10-17,Wednesday,663,,,10.0,4.0,0.0,3.0,0.0,0.0,0.0,0.0,0.0,0.0,0,data/docs_source/stats/October 2018 Facial Rec Stats.xlsx,
2018-10-18,Thursday,691,,,8.0,3.0,2.0,5.0,0.0,6.0,0.0,1.0,0.0,1.0,0,data/docs_source/stats/October 2018 Facial Rec Stats.xlsx,
2018-10-19,Friday,667,,,9.0,2.0,1.0,6.0,0.0,2.0,1.0,1.0,0.0,0.0,0,data/docs_source/stats/October 2018 Facial Rec Stats.xlsx,
2018-10-22,Monday,862,,,12.0,4.0,1.0,6.0,0.0,1.0,2.0,0.0,1.0,0.0,0,data/docs_source/stats/October 2018 Facial Rec Stats.xlsx,
2018-10-23,Tuesday,843,,,10.0,4.0,0.0,2.0,0.0,1.0,6.0,0.0,0.0,1.0,0,data/docs_source/stats/October 2018 Facial Rec Stats.xlsx,
2018-10-24,Wednesday,553,,,7.0,4.0,2.0,3.0,0.0,2.0,0.0,0.0,1.0,0.0,0,data/docs_source/stats/October 2018 Facial Rec Stats.xlsx,
2018-10-25,Thursday,629,,,5.0,5.0,1.0,3.0,0.0,0.0,0.0,0.0,0.0,0.0,0,data/docs_source/stats/October 2018 Facial Rec Stats.xlsx,
2018-10-26,Friday,655,,,7.0,4.0,2.0,0.0,0.0,0.0,0.0,0.0,0.0,0.0,0,data/docs_source/stats/October 2018 Facial Rec Stats.xlsx,
2018-10-29,Monday,753,,,11.0,5.0,1.0,1.0,0.0,0.0,0.0,0.0,0.0,0.0,0,data/docs_source/stats/October 2018 Facial Rec Stats.xlsx,
2018-10-30,Tuesday,804,,,4.0,4.0,0.0,3.0,1.0,1.0,0.0,1.0,0.0,1.0,0,data/docs_source/stats/October 2018 Facial Rec Stats.xlsx,
2018-10-31,Wednesday,658,,,12.0,5.0,3.0,2.0,0.0,0.0,0.0,0.0,0.0,0.0,0,data/docs_source/stats/October 2018 Facial Rec Stats.xlsx,
2018-11-01,Thursday,563.0,,,7.0,3.0,1.0,3.0,0.0,0.0,0.0,0.0,0.0,0.0,0.0,data/docs_source/stats/November 2018 Facial Rec Stats.xlsx,
2018-11-02,Friday,592.0,,,11.0,8.0,1.0,0.0,1.0,2.0,3.0,1.0,0.0,1.0,0.0,data/docs_source/stats/November 2018 Facial Rec Stats.xlsx,
2018-11-05,Monday,870.0,,,6.0,2.0,2.0,3.0,0.0,2.0,0.0,1.0,0.0,1.0,0.0,data/docs_source/stats/November 2018 Facial Rec Stats.xlsx,
2018-11-06,Tuesday,972.0,,,8.0,6.0,1.0,1.0,0.0,0.0,0.0,0.0,0.0,0.0,0.0,data/docs_source/stats/November 2018 Facial Rec Stats.xlsx,
2018-11-07,Wednesday,751.0,,,10.0,8.0,0.0,1.0,1.0,0.0,0.0,1.0,0.0,0.0,0.0,data/docs_source/stats/November 2018 Facial Rec Stats.xlsx,
2018-11-08,Thursday,656.0,,,8.0,6.0,0.0,0.0,0.0,1.0,0.0,0.0,0.0,1.0,0.0,data/docs_source/stats/November 2018 Facial Rec Stats.xlsx,
2018-11-09,Friday,653.0,,,6.0,5.0,0.0,0.0,0.0,0.0,0.0,0.0,0.0,0.0,0.0,data/docs_source/stats/November 2018 Facial Rec Stats.xlsx,
2018-11-12,Monday,,,,0.0,0.0,0.0,0.0,0.0,0.0,0.0,0.0,0.0,0.0,0.0,data/docs_source/stats/November 2018 Facial Rec Stats.xlsx,HOLIDAY
2018-11-13,Tuesday,1117,,,13.0,12.0,2.0,3.0,0.0,0.0,0.0,0.0,0.0,0.0,0.0,data/docs_source/stats/November 2018 Facial Rec Stats.xlsx,
2018-11-14,Wednesday,865,,,4.0,6.0,0.0,3.0,1.0,2.0,5.0,2.0,0.0,1.0,0.0,data/docs_source/stats/November 2018 Facial Rec Stats.xlsx,
2018-11-15,Thursday,694,,,13.0,7.0,1.0,1.0,0.0,2.0,1.0,1.0,1.0,0.0,0.0,data/docs_source/stats/November 2018 Facial Rec Stats.xlsx,
2018-11-16,Friday,635,,,13.0,7.0,0.0,2.0,0.0,0.0,0.0,0.0,0.0,0.0,0.0,data/docs_source/stats/November 2018 Facial Rec Stats.xlsx,
2018-11-19,Monday,702,,,6.0,4.0,1.0,1.0,0.0,1.0,6.0,0.0,0.0,1.0,0.0,data/docs_source/stats/November 2018 Facial Rec Stats.xlsx,
2018-11-20,Tuesday,1118,,,8.0,9.0,0.0,1.0,0.0,2.0,0.0,1.0,0.0,0.0,0.0,data/docs_source/stats/November 2018 Facial Rec Stats.xlsx,
2018-11-21,Wednesday,705,,,9.0,6.0,1.0,0.0,0.0,0.0,0.0,0.0,0.0,0.0,0.0,data/docs_source/stats/November 2018 Facial Rec Stats.xlsx,
2018-11-22,Thursday,,,,,,,,,,,,,,,data/docs_source/stats/November 2018 Facial Rec Stats.xlsx,Thanksgiving Holiday 11/22/2018
2018-11-23,Friday,828,,,6.0,3.0,0.0,1.0,0.0,0.0,0.0,0.0,0.0,0.0,0.0,data/docs_source/stats/November 2018 Facial Rec Stats.xlsx,
2018-11-26,Monday,785.0,,,9.0,5.0,0.0,1.0,0.0,2.0,2.0,1.0,1.0,0.0,0.0,data/docs_source/stats/November 2018 Facial Rec Stats.xlsx,
2018-11-27,Tuesday,789.0,,,6.0,6.0,1.0,1.0,0.0,1.0,5.0,1.0,0.0,0.0,0.0,data/docs_source/stats/November 2018 Facial Rec Stats.xlsx,
2018-11-28,Wednesday,595.0,,,9.0,2.0,0.0,4.0,0.0,0.0,0.0,0.0,0.0,0.0,0.0,data/docs_source/stats/November 2018 Facial Rec Stats.xlsx,
2018-11-29,Thursday,594.0,,,6.0,3.0,1.0,1.0,0.0,0.0,0.0,0.0,0.0,0.0,0.0,data/docs_source/stats/November 2018 Facial Rec Stats.xlsx,
2018-11-30,Friday,585.0,,,9.0,3.0,0.0,0.0,0.0,1.0,0.0,0.0,1.0,0.0,0.0,data/docs_source/stats/November 2018 Facial Rec Stats.xlsx,
2018-12-03,Monday,893,,,10.0,7.0,4.0,2.0,0.0,1.0,1.0,0.0,1.0,0.0,0,data/docs_source/stats/December 2018 Facial Rec Stats.xlsx,
2018-12-04,Tuesday,978,,,8.0,6.0,0.0,0.0,0.0,0.0,0.0,0.0,0.0,0.0,0,data/docs_source/stats/December 2018 Facial Rec Stats.xlsx,
2018-12-05,Wednesday,733,,,10.0,2.0,2.0,2.0,0.0,2.0,2.0,1.0,0.0,1.0,0,data/docs_source/stats/December 2018 Facial Rec Stats.xlsx,
2018-12-06,Thursday,622,,,5.0,3.0,2.0,2.0,0.0,2.0,2.0,0.0,1.0,0.0,0,data/docs_source/stats/December 2018 Facial Rec Stats.xlsx,
2018-12-07,Friday,625,,,5.0,2.0,0.0,2.0,0.0,0.0,0.0,0.0,0.0,0.0,0,data/docs_source/stats/December 2018 Facial Rec Stats.xlsx,
2018-12-10,Monday,755,,,8.0,3.0,1.0,1.0,0.0,0.0,0.0,0.0,0.0,0.0,0,data/docs_source/stats/December 2018 Facial Rec Stats.xlsx,
2018-12-11,Tuesday,913,,,8.0,7.0,2.0,2.0,0.0,5.0,0.0,0.0,0.0,1.0,0,data/docs_source/stats/December 2018 Facial Rec Stats.xlsx,
2018-12-12,Wednesday,657,,,8.0,2.0,0.0,1.0,0.0,2.0,0.0,0.0,0.0,0.0,0,data/docs_source/stats/December 2018 Facial Rec Stats.xlsx,
2018-12-13,Thursday,195,,,0.0,1.0,1.0,1.0,1.0,10.0,0.0,2.0,1.0,0.0,0,data/docs_source/stats/December 2018 Facial Rec Stats.xlsx,
2018-12-14,Friday,949,,,15.0,4.0,3.0,2.0,0.0,0.0,0.0,0.0,0.0,0.0,0,data/docs_source/stats/December 2018 Facial Rec Stats.xlsx,
2018-12-17,Monday,737,,,11.0,4.0,0.0,1.0,1.0,1.0,0.0,1.0,1.0,0.0,0,data/docs_source/stats/December 2018 Facial Rec Stats.xlsx,
2018-12-18,Tuesday,993,,,11.0,3.0,0.0,0.0,0.0,0.0,0.0,0.0,0.0,0.0,0,data/docs_source/stats/December 2018 Facial Rec Stats.xlsx,
2018-12-19,Wednesday,649,,,6.0,6.0,0.0,0.0,0.0,0.0,0.0,0.0,0.0,0.0,0,data/docs_source/stats/December 2018 Facial Rec Stats.xlsx,
2018-12-20,Thursday,599,,,11.0,3.0,0.0,0.0,0.0,0.0,0.0,0.0,0.0,0.0,0,data/docs_source/stats/December 2018 Facial Rec Stats.xlsx,
2018-12-21,Friday,606,,,11.0,3.0,0.0,0.0,1.0,0.0,0.0,1.0,0.0,0.0,0,data/docs_source/stats/December 2018 Facial Rec Stats.xlsx,
2018-12-24,Monday,765,,,8.0,5.0,0.0,3.0,0.0,0.0,0.0,0.0,0.0,0.0,0,data/docs_source/stats/December 2018 Facial Rec Stats.xlsx,
2018-12-25,Tuesday,,,,0.0,0.0,0.0,0.0,0.0,0.0,0.0,0.0,0.0,0.0,0,data/docs_source/stats/December 2018 Facial Rec Stats.xlsx,HOLIDAY
2018-12-26,Wednesday,677,,,7.0,1.0,0.0,3.0,0.0,0.0,0.0,0.0,0.0,0.0,0,data/docs_source/stats/December 2018 Facial Rec Stats.xlsx,
2018-12-27,Thursday,720,,,7.0,4.0,0.0,0.0,0.0,0.0,0.0,0.0,0.0,0.0,0,data/docs_source/stats/December 2018 Facial Rec Stats.xlsx,
2018-12-28,Friday,807,,,14.0,2.0,3.0,2.0,0.0,1.0,,0.0,1.0,0.0,0,data/docs_source/stats/December 2018 Facial Rec Stats.xlsx,
2018-12-31,Monday,1042,,,12.0,2.0,1.0,2.0,0.0,1.0,0.0,0.0,1.0,0.0,0,data/docs_source/stats/December 2018 Facial Rec Stats.xlsx,
2019-01-01,Tuesday,,,,,,,,,,,,,,,data/docs_source/stats/January  2019 Facial Rec Stats.xlsx,New Years Day
2019-01-02,Wednesday,1012,,,9.0,4.0,1.0,3.0,,1.0,,,1.0,,,data/docs_source/stats/January  2019 Facial Rec Stats.xlsx,
2019-01-03,Thursday,901,,,4.0,3.0,1.0,1.0,,,,,,,,data/docs_source/stats/January  2019 Facial Rec Stats.xlsx,
2019-01-04,Friday,809,,,3.0,7.0,1.0,1.0,,,,,,,,data/docs_source/stats/January  2019 Facial Rec Stats.xlsx,
2019-01-07,Monday,939,,,12.0,3.0,0.0,1.0,,,,,,,,data/docs_source/stats/January  2019 Facial Rec Stats.xlsx,
2019-01-08,Tuesday,1047,,,5.0,10.0,2.0,0.0,,,,,,,,data/docs_source/stats/January  2019 Facial Rec Stats.xlsx,
2019-01-09,Wednesday,747,,,8.0,7.0,0.0,2.0,,1.0,3.0,,,1.0,,data/docs_source/stats/January  2019 Facial Rec Stats.xlsx,
2019-01-10,Thursday,675,,,6.0,5.0,1.0,2.0,,2.0,0.0,,,1.0,,data/docs_source/stats/January  2019 Facial Rec Stats.xlsx,
2019-01-11,Friday,707,,,6.0,2.0,,1.0,,,,,,,,data/docs_source/stats/January  2019 Facial Rec Stats.xlsx,
2019-01-14,Monday,869,,,9.0,3.0,2.0,2.0,,1.0,1.0,,,1.0,,data/docs_source/stats/January  2019 Facial Rec Stats.xlsx,
2019-01-15,Tuesday,967,,,8.0,8.0,2.0,3.0,,,,,,,,data/docs_source/stats/January  2019 Facial Rec Stats.xlsx,
2019-01-16,Wednesday,723,,,8.0,2.0,2.0,0.0,,1.0,2.0,1.0,,1.0,,data/docs_source/stats/January  2019 Facial Rec Stats.xlsx,
2019-01-17,Thursday,666,,,2.0,5.0,0.0,4.0,,,,,,,,data/docs_source/stats/January  2019 Facial Rec Stats.xlsx,
2019-01-18,Friday,664,,,5.0,4.0,1.0,1.0,,,,,,,,data/docs_source/stats/January  2019 Facial Rec Stats.xlsx,
2019-01-21,Monday,,,,,,,,,,,,,,,data/docs_source/stats/January  2019 Facial Rec Stats.xlsx,HOLIDAY
2019-01-22,Tuesday,890,,,6.0,3.0,2.0,2.0,,,,,,,,data/docs_source/stats/January  2019 Facial Rec Stats.xlsx,
2019-01-23,Wednesday,854,,,9.0,4.0,1.0,0.0,,,,,,,,data/docs_source/stats/January  2019 Facial Rec Stats.xlsx,
2019-01-24,Thursday,606,,,6.0,5.0,1.0,1.0,,3.0,1.0,1.0,2.0,,,data/docs_source/stats/January  2019 Facial Rec Stats.xlsx,
2019-01-25,Friday,606,,,4.0,3.0,0.0,0.0,,,,,,,,data/docs_source/stats/January  2019 Facial Rec Stats.xlsx,
2019-01-28,Monday,761,,,9.0,2.0,1.0,4.0,0.0,0.0,0.0,0.0,0.0,0.0,0.0,data/docs_source/stats/January  2019 Facial Rec Stats.xlsx,
2019-01-29,Tuesday,371,,,1.0,1.0,0.0,1.0,0.0,1.0,1.0,0.0,1.0,0.0,0.0,data/docs_source/stats/January  2019 Facial Rec Stats.xlsx,
2019-01-30,Wednesday,1403,,,18.0,7.0,1.0,0.0,0.0,0.0,0.0,0.0,0.0,0.0,0.0,data/docs_source/stats/January  2019 Facial Rec Stats.xlsx,
2019-01-31,Thursday,551,,,8.0,2.0,1.0,3.0,0.0,0.0,0.0,0.0,0.0,0.0,0.0,data/docs_source/stats/January  2019 Facial Rec Stats.xlsx,
2019-02-01,Friday,532,,,6.0,3.0,2.0,0.0,1.0,,,1.0,,,,data/docs_source/stats/February  2019 Facial Rec Stats.xlsx,
2019-02-04,Monday,783,,,6.0,4.0,1.0,2.0,,,,,,,,data/docs_source/stats/February  2019 Facial Rec Stats.xlsx,
2019-02-05,Tuesday,936,,,7.0,8.0,0.0,0.0,,,,,,,,data/docs_source/stats/February  2019 Facial Rec Stats.xlsx,
2019-02-06,Wednesday,704,,,8.0,6.0,0.0,1.0,,2.0,,,1.0,,,data/docs_source/stats/February  2019 Facial Rec Stats.xlsx,
2019-02-07,Thursday,683,,,9.0,5.0,0.0,1.0,,,,,,,,data/docs_source/stats/February  2019 Facial Rec Stats.xlsx,
2019-02-08,Friday,635,,,10.0,1.0,1.0,2.0,,,,,,,,data/docs_source/stats/February  2019 Facial Rec Stats.xlsx,
2019-02-11,Monday,926,,,10.0,4.0,1.0,0.0,2.0,1.0,,2.0,,1.0,,data/docs_source/stats/February  2019 Facial Rec Stats.xlsx,
2019-02-12,Tuesday,964,,,13.0,3.0,1.0,2.0,,,,,,,,data/docs_source/stats/February  2019 Facial Rec Stats.xlsx,
2019-02-13,Wednesday,566,,,4.0,2.0,0.0,1.0,,,,,,,,data/docs_source/stats/February  2019 Facial Rec Stats.xlsx,
2019-02-14,Thursday,537,,,7.0,5.0,1.0,1.0,,2.0,,,2.0,,,data/docs_source/stats/February  2019 Facial Rec Stats.xlsx,
2019-02-15,Friday,568,,,4.0,5.0,0.0,0.0,,,,,,,,data/docs_source/stats/February  2019 Facial Rec Stats.xlsx,
2019-02-18,Monday,,,,,,,,,,,,,,,data/docs_source/stats/February  2019 Facial Rec Stats.xlsx,HOLIDAY
2019-02-19,Tuesday,923,,,8.0,6.0,0.0,1.0,,1.0,,,,1.0,,data/docs_source/stats/February  2019 Facial Rec Stats.xlsx,
2019-02-20,Wednesday,1083,,,12.0,7.0,0.0,2.0,,,,,,,,data/docs_source/stats/February  2019 Facial Rec Stats.xlsx,
2019-02-21,Thursday,712,,,8.0,6.0,1.0,3.0,,,,,,,,data/docs_source/stats/February  2019 Facial Rec Stats.xlsx,
2019-02-22,Friday,712,,,6.0,2.0,1.0,2.0,,1.0,1.0,,1.0,,,data/docs_source/stats/February  2019 Facial Rec Stats.xlsx,
2019-02-25,Monday,852,,,8.0,3.0,0.0,1.0,,,,,,,,data/docs_source/stats/February  2019 Facial Rec Stats.xlsx,
2019-02-26,Tuesday,927,,,8.0,7.0,1.0,1.0,1.0,2.0,0.0,1.0,1.0,,,data/docs_source/stats/February  2019 Facial Rec Stats.xlsx,
2019-02-27,Wednesday,699,,,7.0,2.0,1.0,1.0,,2.0,,1.0,,,,data/docs_source/stats/February  2019 Facial Rec Stats.xlsx,
2019-02-28,Thursday,703,,,4.0,2.0,2.0,3.0,,,,,,,,data/docs_source/stats/February  2019 Facial Rec Stats.xlsx,
2019-03-01,Friday,621,,,11.0,5.0,0.0,0.0,,,,,,,,data/docs_source/stats/March  2019 Facial Rec Stats.xlsx,
2019-03-04,Monday,876,,,2.0,5.0,2.0,4.0,0.0,1.0,1.0,0.0,1.0,0.0,0.0,data/docs_source/stats/March  2019 Facial Rec Stats.xlsx,
2019-03-05,Tuesday,840,,,16.0,3.0,1.0,0.0,0.0,0.0,0.0,0.0,0.0,0.0,0.0,data/docs_source/stats/March  2019 Facial Rec Stats.xlsx,
2019-03-06,Wednesday,761,,,10.0,3.0,0.0,0.0,0.0,0.0,0.0,0.0,0.0,0.0,0.0,data/docs_source/stats/March  2019 Facial Rec Stats.xlsx,
2019-03-07,Thursday,681,,,11.0,2.0,2.0,3.0,0.0,3.0,3.0,0.0,1.0,2.0,0.0,data/docs_source/stats/March  2019 Facial Rec Stats.xlsx,
2019-03-08,Friday,727,,,12.0,3.0,0.0,1.0,0.0,0.0,0.0,0.0,0.0,0.0,0.0,data/docs_source/stats/March  2019 Facial Rec Stats.xlsx,
2019-03-11,Monday,933,,,6.0,8.0,2.0,2.0,,,,,,,,data/docs_source/stats/March  2019 Facial Rec Stats.xlsx,
2019-03-12,Tuesday,1108,,,12.0,13.0,2.0,1.0,,1.0,,,1.0,,,data/docs_source/stats/March  2019 Facial Rec Stats.xlsx,
2019-03-13,Wednesday,705,,,5.0,2.0,0.0,2.0,,,,,,,,data/docs_source/stats/March  2019 Facial Rec Stats.xlsx,
2019-03-14,Thursday,635,,,4.0,4.0,1.0,2.0,,,,,,,,data/docs_source/stats/March  2019 Facial Rec Stats.xlsx,
2019-03-15,Friday,965,,,8.0,3.0,1.0,2.0,,1.0,0.0,,1.0,,,data/docs_source/stats/March  2019 Facial Rec Stats.xlsx,
2019-03-18,Monday,958,,,6.0,4.0,1.0,1.0,,,,,,,,data/docs_source/stats/March  2019 Facial Rec Stats.xlsx,
2019-03-19,Tuesday,1832,,,32.0,10.0,1.0,6.0,,,,,,,,data/docs_source/stats/March  2019 Facial Rec Stats.xlsx,
2019-03-20,Wednesday,913,,,12.0,7.0,0.0,3.0,,2.0,,,1.0,,,data/docs_source/stats/March  2019 Facial Rec Stats.xlsx,
2019-03-21,Thursday,868,,,11.0,3.0,1.0,1.0,,,,,,,,data/docs_source/stats/March  2019 Facial Rec Stats.xlsx,
2019-03-22,Friday,904,,,12.0,3.0,0.0,0.0,,1.0,,,1.0,,,data/docs_source/stats/March  2019 Facial Rec Stats.xlsx,
2019-03-25,Monday,1125,,,12.0,10.0,1.0,2.0,,,,,,,,data/docs_source/stats/March  2019 Facial Rec Stats.xlsx,
2019-03-26,Tuesday,1227,,,19.0,11.0,2.0,2.0,,,,,,,,data/docs_source/stats/March  2019 Facial Rec Stats.xlsx,
2019-03-27,Wednesday,845,,,12.0,6.0,0.0,0.0,,,,,,,,data/docs_source/stats/March  2019 Facial Rec Stats.xlsx,
2019-03-28,Thursday,769,,,13.0,7.0,0.0,2.0,,1.0,1.0,,1.0,,,data/docs_source/stats/March  2019 Facial Rec Stats.xlsx,
2019-03-29,Friday,1806,,,17.0,6.0,2.0,1.0,,,,,,,,data/docs_source/stats/March  2019 Facial Rec Stats.xlsx,
2019-04-01,Monday,1151,,,40.0,7.0,2.0,1.0,0.0,0.0,0.0,0.0,0.0,0.0,0,data/docs_source/stats/April 2019 Facial Rec Stats.xlsx,
2019-04-02,Tuesday,1215,,,11.0,4.0,1.0,0.0,0.0,0.0,0.0,0.0,0.0,0.0,0,data/docs_source/stats/April 2019 Facial Rec Stats.xlsx,
2019-04-03,Wednesday,834,,,19.0,4.0,1.0,2.0,0.0,2.0,0.0,1.0,0.0,0.0,0,data/docs_source/stats/April 2019 Facial Rec Stats.xlsx,
2019-04-04,Thursday,1841,,,38.0,17.0,5.0,3.0,0.0,0.0,0.0,0.0,0.0,0.0,0,data/docs_source/stats/April 2019 Facial Rec Stats.xlsx,
2019-04-05,Friday,844,,,12.0,6.0,2.0,5.0,0.0,0.0,0.0,0.0,0.0,0.0,0,data/docs_source/stats/April 2019 Facial Rec Stats.xlsx,
2019-04-08,Monday,1088,,,20.0,6.0,1.0,4.0,0.0,1.0,1.0,1.0,0.0,0.0,0,data/docs_source/stats/April 2019 Facial Rec Stats.xlsx,
2019-04-09,Tuesday,1163,,,10.0,10.0,2.0,3.0,0.0,6.0,0.0,1.0,0.0,0.0,0,data/docs_source/stats/April 2019 Facial Rec Stats.xlsx,
2019-04-10,Wednesday,854,,,11.0,6.0,1.0,3.0,0.0,0.0,0.0,0.0,0.0,0.0,0,data/docs_source/stats/April 2019 Facial Rec Stats.xlsx,
2019-04-11,Thursday,786,,,9.0,9.0,0.0,0.0,0.0,0.0,0.0,0.0,0.0,,0,data/docs_source/stats/April 2019 Facial Rec Stats.xlsx,
2019-04-12,Friday,836,,,14.0,8.0,3.0,3.0,0.0,0.0,0.0,0.0,,0.0,0,data/docs_source/stats/April 2019 Facial Rec Stats.xlsx,
2019-04-15,Monday,,,,0.0,0.0,0.0,0.0,0.0,0.0,0.0,0.0,0.0,0.0,0,data/docs_source/stats/April 2019 Facial Rec Stats.xlsx,HOLIDAY
2019-04-16,Tuesday,1156,,,16.0,6.0,2.0,3.0,0.0,1.0,0.0,1.0,0.0,0.0,0,data/docs_source/stats/April 2019 Facial Rec Stats.xlsx,
2019-04-17,Wednesday,1532,,,10.0,12.0,1.0,3.0,0.0,1.0,0.0,0.0,1.0,0.0,0,data/docs_source/stats/April 2019 Facial Rec Stats.xlsx,
2019-04-18,Thursday,1021,,,8.0,8.0,0.0,0.0,0.0,0.0,0.0,0.0,0.0,0.0,0,data/docs_source/stats/April 2019 Facial Rec Stats.xlsx,
2019-04-19,Friday,1018,,,8.0,10.0,1.0,2.0,0.0,0.0,0.0,0.0,0.0,0.0,0,data/docs_source/stats/April 2019 Facial Rec Stats.xlsx,
2019-04-22,Monday,1242,,,16.0,9.0,1.0,0.0,0.0,0.0,0.0,0.0,0.0,0.0,0,data/docs_source/stats/April 2019 Facial Rec Stats.xlsx,
2019-04-23,Tuesday,1078,,,8.0,3.0,2.0,1.0,0.0,0.0,0.0,0.0,0.0,0.0,0,data/docs_source/stats/April 2019 Facial Rec Stats.xlsx,
2019-04-24,Wednesday,789,,,8.0,6.0,0.0,3.0,0.0,0.0,0.0,0.0,0.0,0.0,0,data/docs_source/stats/April 2019 Facial Rec Stats.xlsx,
2019-04-25,Thursday,996,,,12.0,5.0,0.0,1.0,0.0,0.0,0.0,0.0,0.0,0.0,0,data/docs_source/stats/April 2019 Facial Rec Stats.xlsx,
2019-04-26,Friday,1016,,,11.0,7.0,3.0,2.0,0.0,0.0,0.0,0.0,0.0,0.0,0,data/docs_source/stats/April 2019 Facial Rec Stats.xlsx,
2019-04-29,Monday,1393,,,13.0,3.0,1.0,6.0,0.0,1.0,2.0,0.0,1.0,0.0,0,data/docs_source/stats/April 2019 Facial Rec Stats.xlsx,
2019-04-30,Tuesday,1426,,,16.0,6.0,2.0,1.0,0.0,3.0,0.0,1.0,0.0,0.0,0,data/docs_source/stats/April 2019 Facial Rec Stats.xlsx,
2019-05-01,Wednesday,1023,,,12.0,4.0,2.0,3.0,0.0,0.0,0.0,0.0,0.0,0.0,0,data/docs_source/stats/May 2019  Facial Rec Stats.xlsx,
2019-05-02,Thursday,786,,,9.0,5.0,0.0,3.0,0.0,2.0,0.0,1.0,1.0,0.0,0,data/docs_source/stats/May 2019  Facial Rec Stats.xlsx,
2019-05-03,Friday,763,,,6.0,1.0,2.0,0.0,0.0,0.0,0.0,0.0,0.0,0.0,0,data/docs_source/stats/May 2019  Facial Rec Stats.xlsx,
2019-05-06,Monday,1154,,,10.0,7.0,1.0,1.0,0.0,2.0,0.0,0.0,1.0,0.0,0,data/docs_source/stats/May 2019  Facial Rec Stats.xlsx,
2019-05-07,Tuesday,1197,,,15.0,7.0,0.0,2.0,1.0,0.0,0.0,1.0,0.0,0.0,0,data/docs_source/stats/May 2019  Facial Rec Stats.xlsx,
2019-05-08,Wednesday,887,,,18.0,10.0,1.0,3.0,0.0,4.0,0.0,2.0,0.0,0.0,0,data/docs_source/stats/May 2019  Facial Rec Stats.xlsx,
2019-05-09,Thursday,860,,,9.0,3.0,1.0,1.0,0.0,0.0,0.0,0.0,0.0,,0,data/docs_source/stats/May 2019  Facial Rec Stats.xlsx,
2019-05-10,Friday,828,,,13.0,3.0,1.0,2.0,0.0,0.0,0.0,0.0,0.0,0.0,0,data/docs_source/stats/May 2019  Facial Rec Stats.xlsx,
2019-05-13,Monday,1121,,,9.0,11.0,1.0,2.0,0.0,0.0,0.0,0.0,0.0,0.0,0,data/docs_source/stats/May 2019  Facial Rec Stats.xlsx,
2019-05-14,Tuesday,1275,,,10.0,12.0,1.0,2.0,0.0,0.0,0.0,0.0,0.0,0.0,0,data/docs_source/stats/May 2019  Facial Rec Stats.xlsx,
2019-05-15,Wednesday,831,,,8.0,5.0,1.0,2.0,0.0,3.0,0.0,1.0,1.0,0.0,0,data/docs_source/stats/May 2019  Facial Rec Stats.xlsx,
2019-05-16,Thursday,841,,,6.0,8.0,0.0,1.0,0.0,0.0,0.0,0.0,0.0,0.0,0,data/docs_source/stats/May 2019  Facial Rec Stats.xlsx,
2019-05-17,Friday,841,,,9.0,3.0,0.0,3.0,0.0,0.0,0.0,0.0,0.0,0.0,0,data/docs_source/stats/May 2019  Facial Rec Stats.xlsx,
2019-05-20,Monday,1180,,,14.0,10.0,1.0,1.0,0.0,0.0,0.0,0.0,0.0,0.0,0,data/docs_source/stats/May 2019  Facial Rec Stats.xlsx,
2019-05-21,Tuesday,1226,,,11.0,7.0,2.0,4.0,0.0,1.0,2.0,0.0,1.0,0.0,0,data/docs_source/stats/May 2019  Facial Rec Stats.xlsx,
2019-05-22,Wednesday,854,,,4.0,4.0,0.0,1.0,1.0,0.0,0.0,1.0,0.0,0.0,0,data/docs_source/stats/May 2019  Facial Rec Stats.xlsx,
2019-05-23,Thursday,830,,,6.0,1.0,0.0,2.0,0.0,0.0,0.0,0.0,0.0,0.0,0,data/docs_source/stats/May 2019  Facial Rec Stats.xlsx,
2019-05-24,Friday,847,,,5.0,6.0,0.0,3.0,0.0,0.0,0.0,0.0,0.0,0.0,0,data/docs_source/stats/May 2019  Facial Rec Stats.xlsx,
2019-05-27,Monday,,,,0.0,0.0,0.0,0.0,0.0,0.0,0.0,0.0,0.0,0.0,0,data/docs_source/stats/May 2019  Facial Rec Stats.xlsx,HOLIDAY
2019-05-28,Tuesday,1261,,,12.0,9.0,0.0,2.0,0.0,0.0,0.0,0.0,0.0,0.0,0,data/docs_source/stats/May 2019  Facial Rec Stats.xlsx,
2019-05-29,Wednesday,1205,,,6.0,7.0,3.0,1.0,0.0,0.0,0.0,0.0,0.0,0.0,0,data/docs_source/stats/May 2019  Facial Rec Stats.xlsx,
2019-05-30,Thursday,873,,,7.0,5.0,0.0,2.0,0.0,0.0,0.0,0.0,0.0,0.0,0,data/docs_source/stats/May 2019  Facial Rec Stats.xlsx,
2019-05-31,Friday,827,,,0.0,2.0,1.0,1.0,0.0,0.0,0.0,0.0,0.0,0.0,0,data/docs_source/stats/May 2019  Facial Rec Stats.xlsx,
2019-06-03,Monday,1075.0,,,14.0,8.0,0.0,2.0,,,,,,,,data/docs_source/stats/June 2019 Facial Rec Stats.xlsx,
2019-06-04,Tuesday,1368.0,,,11.0,11.0,1.0,2.0,,,,,,,,data/docs_source/stats/June 2019 Facial Rec Stats.xlsx,
2019-06-05,Wednesday,964.0,,,12.0,10.0,1.0,0.0,,,,,,,,data/docs_source/stats/June 2019 Facial Rec Stats.xlsx,
2019-06-06,Thursday,907.0,,,13.0,0.0,0.0,1.0,,,,,,,,data/docs_source/stats/June 2019 Facial Rec Stats.xlsx,
2019-06-07,Friday,830.0,,,15.0,8.0,0.0,1.0,,,,,,,,data/docs_source/stats/June 2019 Facial Rec Stats.xlsx,
2019-06-10,Monday,1096.0,,,12.0,4.0,0.0,0.0,,,,,,,,data/docs_source/stats/June 2019 Facial Rec Stats.xlsx,
2019-06-11,Tuesday,1160.0,,,8.0,6.0,0.0,2.0,,,,,,,,data/docs_source/stats/June 2019 Facial Rec Stats.xlsx,
2019-06-12,Wednesday,1062.0,,,6.0,8.0,0.0,0.0,,,,,,,,data/docs_source/stats/June 2019 Facial Rec Stats.xlsx,
2019-06-13,Thursday,806.0,,,7.0,4.0,0.0,2.0,,,,,,,,data/docs_source/stats/June 2019 Facial Rec Stats.xlsx,
2019-06-14,Friday,843.0,,,13.0,5.0,0.0,2.0,,,,,,,,data/docs_source/stats/June 2019 Facial Rec Stats.xlsx,
2019-06-17,Monday,1144.0,,,18.0,8.0,0.0,1.0,,,,,,,,data/docs_source/stats/June 2019 Facial Rec Stats.xlsx,
2019-06-18,Tuesday,1235.0,,,6.0,11.0,0.0,3.0,,,,,,,,data/docs_source/stats/June 2019 Facial Rec Stats.xlsx,
2019-06-19,Wednesday,962.0,,,13.0,10.0,1.0,1.0,,,,,,,,data/docs_source/stats/June 2019 Facial Rec Stats.xlsx,
2019-06-20,Thursday,919.0,,,12.0,4.0,0.0,1.0,,,,,,,,data/docs_source/stats/June 2019 Facial Rec Stats.xlsx,
2019-06-21,Friday,935.0,,,11.0,8.0,1.0,0.0,,,,,,,,data/docs_source/stats/June 2019 Facial Rec Stats.xlsx,
2019-06-24,Monday,1207.0,,,11.0,8.0,1.0,5.0,,,,,,,,data/docs_source/stats/June 2019 Facial Rec Stats.xlsx,
2019-06-25,Tuesday,1228.0,,,13.0,12.0,0.0,3.0,,,,,,,,data/docs_source/stats/June 2019 Facial Rec Stats.xlsx,
2019-06-26,Wednesday,965.0,,,15.0,4.0,0.0,1.0,,,,,,,,data/docs_source/stats/June 2019 Facial Rec Stats.xlsx,
2019-06-27,Thursday,872.0,,,19.0,5.0,0.0,1.0,,,,,,,,data/docs_source/stats/June 2019 Facial Rec Stats.xlsx,
2019-06-28,Friday,901.0,,,15.0,4.0,0.0,2.0,,,,,,,,data/docs_source/stats/June 2019 Facial Rec Stats.xlsx,
2019-07-01,Monday,1223.0,,,17.0,8.0,0.0,1.0,,,,,,,,data/docs_source/stats/July 2019 Facial Rec Stats.xlsx,
2019-07-02,Tuesday,1369.0,,,8.0,6.0,0.0,2.0,,,,,,,,data/docs_source/stats/July 2019 Facial Rec Stats.xlsx,
2019-07-03,Wednesday,1026.0,,,10.0,4.0,0.0,0.0,,,,,,,,data/docs_source/stats/July 2019 Facial Rec Stats.xlsx,
2019-07-04,Thursday,,,,,,,,,,,,,,,data/docs_source/stats/July 2019 Facial Rec Stats.xlsx,
2019-07-05,Friday,1007.0,,,9.0,5.0,0.0,2.0,,,,,,,,data/docs_source/stats/July 2019 Facial Rec Stats.xlsx,
2019-07-08,Monday,1353.0,,,18.0,6.0,0.0,1.0,,,,,,,,data/docs_source/stats/July 2019 Facial Rec Stats.xlsx,
2019-07-09,Tuesday,1179.0,,,14.0,11.0,0.0,2.0,,,,,,,,data/docs_source/stats/July 2019 Facial Rec Stats.xlsx,
2019-07-10,Wednesday,898.0,,,10.0,2.0,0.0,2.0,,,,,,,,data/docs_source/stats/July 2019 Facial Rec Stats.xlsx,
2019-07-11,Thursday,962.0,,,4.0,4.0,0.0,4.0,,,,,,,,data/docs_source/stats/July 2019 Facial Rec Stats.xlsx,
2019-07-12,Friday,939.0,,,7.0,7.0,0.0,2.0,,,,,,,,data/docs_source/stats/July 2019 Facial Rec Stats.xlsx,
